parent	slug	label	tipo	subtipo	descripcion	marino
0	colombia	Colombia	Político-administrativo	País		
0	territorios-indigenas	Territorios indígenas	ANT	Territorios indígenas	Los resguardos indígenas son propiedad colectiva de las comunidades indígenas con un carácter legal y sociopolítico de carácter especial, conformada por una o más comunidades indígenas, que con un título de propiedad colectiva goza de las garantías de la propiedad privada. Poseen su territorio y se rigen para el manejo de éste y su vida interna por una organización autónoma amparada por el fuero indígena y su sistema normativo propio.	
0	reservas-forestales-protectoras	Reservas Forestales Protectoras Nacionales	SINAP	Reservas forestales protectoras	Áreas dentro de un territorio determinado que se encuentran protegidas por su importancia para la vida silvestre.	
reservas-forestales-protectoras	reserva-forestal-la-planada	Reserva Forestal Protectora La Planada	SINAP	Reservas forestales protectoras		
territorios-indigenas	resguardo-indigena-pialapi-pueblo-viejo	Resguardo Indígena Pialapí Pueblo Viejo	ANT	Territorios indígenas		
colombia	antioquia	Antioquia	Político-administrativo	Departamento		
colombia	atlantico	Atlántico	Político-administrativo	Departamento		
colombia	bogota	Bogotá, D.C.	Político-administrativo	Departamento		
colombia	bolivar	Bolívar	Político-administrativo	Departamento		
colombia	boyaca	Boyacá	Político-administrativo	Departamento		
colombia	caldas	Caldas	Político-administrativo	Departamento		
colombia	caqueta	Caquetá	Político-administrativo	Departamento		
colombia	cauca	Cauca	Político-administrativo	Departamento		
colombia	cesar	Cesar	Político-administrativo	Departamento		
colombia	cordoba	Córdoba	Político-administrativo	Departamento		
colombia	cundinamarca	Cundinamarca	Político-administrativo	Departamento		
colombia	choco	Chocó	Político-administrativo	Departamento		
colombia	huila	Huila	Político-administrativo	Departamento		
colombia	la-guajira	La Guajira	Político-administrativo	Departamento		
colombia	magdalena	Magdalena	Político-administrativo	Departamento		
colombia	meta	Meta	Político-administrativo	Departamento		
colombia	narino	Nariño	Político-administrativo	Departamento		
colombia	norte-santander	Norte de Santander	Político-administrativo	Departamento		
colombia	quindio	Quindío	Político-administrativo	Departamento		
colombia	risaralda	Risaralda	Político-administrativo	Departamento		
colombia	santander	Santander	Político-administrativo	Departamento		
colombia	sucre	Sucre	Político-administrativo	Departamento		
colombia	tolima	Tolima	Político-administrativo	Departamento		
colombia	valle-del-cauca	Valle del Cauca	Político-administrativo	Departamento		
colombia	arauca	Arauca	Político-administrativo	Departamento		
colombia	casanare	Casanare	Político-administrativo	Departamento		
colombia	putumayo	Putumayo	Político-administrativo	Departamento		
colombia	san-andres-providencia	Archipiélago de San Andrés, Providencia y Santa Catalina	Político-administrativo	Departamento		
colombia	amazonas	Amazonas	Político-administrativo	Departamento		
colombia	guainia	Guainía	Político-administrativo	Departamento		
colombia	guaviare	Guaviare	Político-administrativo	Departamento		
colombia	vaupes	Vaupés	Político-administrativo	Departamento		
colombia	vichada	Vichada	Político-administrativo	Departamento		
amazonas	leticia	Leticia	Político-administrativo	Municipio		
amazonas	el-encanto	El Encanto	Político-administrativo	Municipio		
amazonas	la-chorrera	La Chorrera	Político-administrativo	Municipio		
amazonas	la-pedrera	La Pedrera	Político-administrativo	Municipio		
amazonas	la-victoria-ama	La Victoria	Político-administrativo	Municipio		
amazonas	miriti-parana	Mirití - Paraná	Político-administrativo	Municipio		
amazonas	puerto-alegria	Puerto Alegría	Político-administrativo	Municipio		
amazonas	puerto-arica	Puerto Arica	Político-administrativo	Municipio		
amazonas	puerto-narino	Puerto Nariño	Político-administrativo	Municipio		
amazonas	puerto-santander-ama	Puerto Santander	Político-administrativo	Municipio		
amazonas	tarapaca	Tarapacá	Político-administrativo	Municipio		
antioquia	medellin	Medellín	Político-administrativo	Municipio		
antioquia	abejorral	Abejorral	Político-administrativo	Municipio		
antioquia	abriaqui	Abriaquí	Político-administrativo	Municipio		
antioquia	alejandria	Alejandría	Político-administrativo	Municipio		
antioquia	amaga	Amagá	Político-administrativo	Municipio		
antioquia	amalfi	Amalfi	Político-administrativo	Municipio		
antioquia	andes	Andes	Político-administrativo	Municipio		
antioquia	angelopolis	Angelópolis	Político-administrativo	Municipio		
antioquia	angostura	Angostura	Político-administrativo	Municipio		
antioquia	anori	Anorí	Político-administrativo	Municipio		
antioquia	santa-fe-de-antioquia	Santa Fé de Antioquia	Político-administrativo	Municipio		
antioquia	anza	Anzá	Político-administrativo	Municipio		
antioquia	apartado	Apartadó	Político-administrativo	Municipio		
antioquia	arboletes	Arboletes	Político-administrativo	Municipio		
antioquia	argelia-ant	Argelia	Político-administrativo	Municipio		
antioquia	armenia-ant	Armenia	Político-administrativo	Municipio		
antioquia	barbosa-ant	Barbosa	Político-administrativo	Municipio		
antioquia	belmira	Belmira	Político-administrativo	Municipio		
antioquia	bello	Bello	Político-administrativo	Municipio		
antioquia	betania	Betania	Político-administrativo	Municipio		
antioquia	betulia-ant	Betulia	Político-administrativo	Municipio		
antioquia	ciudad-bolivar	Ciudad Bolívar	Político-administrativo	Municipio		
antioquia	briceno-ant	Briceño	Político-administrativo	Municipio		
antioquia	buritica	Buriticá	Político-administrativo	Municipio		
antioquia	caceres	Cáceres	Político-administrativo	Municipio		
antioquia	caicedo	Caicedo	Político-administrativo	Municipio		
antioquia	caldas-ant	Caldas	Político-administrativo	Municipio		
antioquia	campamento	Campamento	Político-administrativo	Municipio		
antioquia	canasgordas	Cañasgordas	Político-administrativo	Municipio		
antioquia	caracoli	Caracolí	Político-administrativo	Municipio		
antioquia	caramanta	Caramanta	Político-administrativo	Municipio		
antioquia	carepa	Carepa	Político-administrativo	Municipio		
antioquia	el-carmen-de-viboral	El Carmen de Viboral	Político-administrativo	Municipio		
antioquia	carolina	Carolina	Político-administrativo	Municipio		
antioquia	caucasia	Caucasia	Político-administrativo	Municipio		
antioquia	chigorodo	Chigorodó	Político-administrativo	Municipio		
antioquia	cisneros	Cisneros	Político-administrativo	Municipio		
antioquia	cocorna	Cocorná	Político-administrativo	Municipio		
antioquia	concepcion-ant	Concepción	Político-administrativo	Municipio		
antioquia	concordia-ant	Concordia	Político-administrativo	Municipio		
antioquia	copacabana	Copacabana	Político-administrativo	Municipio		
antioquia	dabeiba	Dabeiba	Político-administrativo	Municipio		
antioquia	donmatias	Donmatías	Político-administrativo	Municipio		
antioquia	ebejico	Ebéjico	Político-administrativo	Municipio		
antioquia	el-bagre	El Bagre	Político-administrativo	Municipio		
antioquia	entrerrios	Entrerríos	Político-administrativo	Municipio		
antioquia	envigado	Envigado	Político-administrativo	Municipio		
antioquia	fredonia	Fredonia	Político-administrativo	Municipio		
antioquia	frontino	Frontino	Político-administrativo	Municipio		
antioquia	giraldo	Giraldo	Político-administrativo	Municipio		
antioquia	girardota	Girardota	Político-administrativo	Municipio		
antioquia	gomez-plata	Gómez Plata	Político-administrativo	Municipio		
antioquia	granada-ant	Granada	Político-administrativo	Municipio		
antioquia	guadalupe-ant	Guadalupe	Político-administrativo	Municipio		
antioquia	guarne	Guarne	Político-administrativo	Municipio		
antioquia	guatape	Guatapé	Político-administrativo	Municipio		
antioquia	heliconia	Heliconia	Político-administrativo	Municipio		
antioquia	hispania	Hispania	Político-administrativo	Municipio		
antioquia	itagui	Itagüí	Político-administrativo	Municipio		
antioquia	ituango	Ituango	Político-administrativo	Municipio		
antioquia	jardin	Jardín	Político-administrativo	Municipio		
antioquia	jerico-ant	Jericó	Político-administrativo	Municipio		
antioquia	la-ceja	La Ceja	Político-administrativo	Municipio		
antioquia	la-estrella	La Estrella	Político-administrativo	Municipio		
antioquia	la-pintada	La Pintada	Político-administrativo	Municipio		
antioquia	la-union-ant	La Unión	Político-administrativo	Municipio		
antioquia	liborina	Liborina	Político-administrativo	Municipio		
antioquia	maceo	Maceo	Político-administrativo	Municipio		
antioquia	marinilla	Marinilla	Político-administrativo	Municipio		
antioquia	montebello	Montebello	Político-administrativo	Municipio		
antioquia	murindo	Murindó	Político-administrativo	Municipio		
antioquia	mutata	Mutatá	Político-administrativo	Municipio		
antioquia	narino-ant	Nariño	Político-administrativo	Municipio		
antioquia	necocli	Necoclí	Político-administrativo	Municipio		
antioquia	nechi	Nechí	Político-administrativo	Municipio		
antioquia	olaya	Olaya	Político-administrativo	Municipio		
antioquia	penol	Peñol	Político-administrativo	Municipio		
antioquia	peque	Peque	Político-administrativo	Municipio		
antioquia	pueblorrico	Pueblorrico	Político-administrativo	Municipio		
antioquia	puerto-berrio	Puerto Berrío	Político-administrativo	Municipio		
antioquia	puerto-nare	Puerto Nare	Político-administrativo	Municipio		
antioquia	puerto-triunfo	Puerto Triunfo	Político-administrativo	Municipio		
antioquia	remedios	Remedios	Político-administrativo	Municipio		
antioquia	retiro	Retiro	Político-administrativo	Municipio		
antioquia	rionegro-ant	Rionegro	Político-administrativo	Municipio		
antioquia	sabanalarga-ant	Sabanalarga	Político-administrativo	Municipio		
antioquia	sabaneta	Sabaneta	Político-administrativo	Municipio		
antioquia	salgar	Salgar	Político-administrativo	Municipio		
antioquia	san-andres-de-cuerquia	San Andrés de Cuerquía	Político-administrativo	Municipio		
antioquia	san-carlos-ant	San Carlos	Político-administrativo	Municipio		
antioquia	san-francisco-ant	San Francisco	Político-administrativo	Municipio		
antioquia	san-jeronimo	San Jerónimo	Político-administrativo	Municipio		
antioquia	san-jose-de-la-montana	San José de la Montaña	Político-administrativo	Municipio		
antioquia	san-juan-de-uraba	San Juan de Urabá	Político-administrativo	Municipio		
antioquia	san-luis-ant	San Luis	Político-administrativo	Municipio		
antioquia	san-pedro-de-los-milagros	San Pedro de los Milagros	Político-administrativo	Municipio		
antioquia	san-pedro-de-uraba	San Pedro de Urabá	Político-administrativo	Municipio		
antioquia	san-rafael	San Rafael	Político-administrativo	Municipio		
antioquia	san-roque	San Roque	Político-administrativo	Municipio		
antioquia	san-vicente-ferrer	San Vicente Ferrer	Político-administrativo	Municipio		
antioquia	santa-barbara-ant	Santa Bárbara	Político-administrativo	Municipio		
antioquia	santa-rosa-de-osos	Santa Rosa de Osos	Político-administrativo	Municipio		
antioquia	santo-domingo	Santo Domingo	Político-administrativo	Municipio		
antioquia	el-santuario	El Santuario	Político-administrativo	Municipio		
antioquia	segovia	Segovia	Político-administrativo	Municipio		
antioquia	sonson	Sonsón	Político-administrativo	Municipio		
antioquia	sopetran	Sopetrán	Político-administrativo	Municipio		
antioquia	tamesis	Támesis	Político-administrativo	Municipio		
antioquia	taraza	Tarazá	Político-administrativo	Municipio		
antioquia	tarso	Tarso	Político-administrativo	Municipio		
antioquia	titiribi	Titiribí	Político-administrativo	Municipio		
antioquia	toledo-ant	Toledo	Político-administrativo	Municipio		
antioquia	turbo	Turbo	Político-administrativo	Municipio		
antioquia	uramita	Uramita	Político-administrativo	Municipio		
antioquia	urrao	Urrao	Político-administrativo	Municipio		
antioquia	valdivia	Valdivia	Político-administrativo	Municipio		
antioquia	valparaiso-ant	Valparaíso	Político-administrativo	Municipio		
antioquia	vegachi	Vegachí	Político-administrativo	Municipio		
antioquia	venecia-ant	Venecia	Político-administrativo	Municipio		
antioquia	vigia-del-fuerte	Vigía del Fuerte	Político-administrativo	Municipio		
antioquia	yali	Yalí	Político-administrativo	Municipio		
antioquia	yarumal	Yarumal	Político-administrativo	Municipio		
antioquia	yolombo	Yolombó	Político-administrativo	Municipio		
antioquia	yondo	Yondó	Político-administrativo	Municipio		
antioquia	zaragoza	Zaragoza	Político-administrativo	Municipio		
arauca	arauca-ara	Arauca	Político-administrativo	Municipio		
arauca	arauquita	Arauquita	Político-administrativo	Municipio		
arauca	cravo-norte	Cravo Norte	Político-administrativo	Municipio		
arauca	fortul	Fortul	Político-administrativo	Municipio		
arauca	puerto-rondon	Puerto Rondón	Político-administrativo	Municipio		
arauca	saravena	Saravena	Político-administrativo	Municipio		
arauca	tame	Tame	Político-administrativo	Municipio		
san-andres-providencia	san-andres-sap	San Andrés	Político-administrativo	Municipio		
san-andres-providencia	providencia-sap	Providencia	Político-administrativo	Municipio		
atlantico	barranquilla	Barranquilla	Político-administrativo	Municipio		
atlantico	baranoa	Baranoa	Político-administrativo	Municipio		
atlantico	campo-de-la-cruz	Campo de la Cruz	Político-administrativo	Municipio		
atlantico	candelaria-atl	Candelaria	Político-administrativo	Municipio		
atlantico	galapa	Galapa	Político-administrativo	Municipio		
atlantico	juan-de-acosta	Juan de Acosta	Político-administrativo	Municipio		
atlantico	luruaco	Luruaco	Político-administrativo	Municipio		
atlantico	malambo	Malambo	Político-administrativo	Municipio		
atlantico	manati	Manatí	Político-administrativo	Municipio		
atlantico	palmar-de-varela	Palmar de Varela	Político-administrativo	Municipio		
atlantico	piojo	Piojó	Político-administrativo	Municipio		
atlantico	polonuevo	Polonuevo	Político-administrativo	Municipio		
atlantico	ponedera	Ponedera	Político-administrativo	Municipio		
atlantico	puerto-colombia	Puerto Colombia	Político-administrativo	Municipio		
atlantico	repelon	Repelón	Político-administrativo	Municipio		
atlantico	sabanagrande	Sabanagrande	Político-administrativo	Municipio		
atlantico	sabanalarga-atl	Sabanalarga	Político-administrativo	Municipio		
atlantico	santa-lucia	Santa Lucía	Político-administrativo	Municipio		
atlantico	santo-tomas	Santo Tomás	Político-administrativo	Municipio		
atlantico	soledad	Soledad	Político-administrativo	Municipio		
atlantico	suan	Suan	Político-administrativo	Municipio		
atlantico	tubara	Tubará	Político-administrativo	Municipio		
atlantico	usiacuri	Usiacurí	Político-administrativo	Municipio		
bogota	bogota-dc	Bogotá, D.C.	Político-administrativo	Municipio		
bolivar	achi	Achí	Político-administrativo	Municipio		
bolivar	altos-del-rosario	Altos del Rosario	Político-administrativo	Municipio		
bolivar	arenal	Arenal	Político-administrativo	Municipio		
bolivar	arjona	Arjona	Político-administrativo	Municipio		
bolivar	arroyohondo	Arroyohondo	Político-administrativo	Municipio		
bolivar	barranco-de-loba	Barranco de Loba	Político-administrativo	Municipio		
bolivar	calamar-bol	Calamar	Político-administrativo	Municipio		
bolivar	cantagallo	Cantagallo	Político-administrativo	Municipio		
bolivar	cartagena-de-indias	Cartagena de Indias	Político-administrativo	Municipio		
bolivar	cicuco	Cicuco	Político-administrativo	Municipio		
bolivar	clemencia	Clemencia	Político-administrativo	Municipio		
bolivar	cordoba-bol	Córdoba	Político-administrativo	Municipio		
bolivar	el-carmen-de-bolivar	El Carmen de Bolívar	Político-administrativo	Municipio		
bolivar	el-guamo	El Guamo	Político-administrativo	Municipio		
bolivar	el-penon-bol	El Peñón	Político-administrativo	Municipio		
bolivar	hatillo-de-loba	Hatillo de Loba	Político-administrativo	Municipio		
bolivar	magangue	Magangué	Político-administrativo	Municipio		
bolivar	mahates	Mahates	Político-administrativo	Municipio		
bolivar	margarita	Margarita	Político-administrativo	Municipio		
bolivar	maria-la-baja	María la Baja	Político-administrativo	Municipio		
bolivar	montecristo	Montecristo	Político-administrativo	Municipio		
bolivar	morales-bol	Morales	Político-administrativo	Municipio		
bolivar	norosi	Norosí	Político-administrativo	Municipio		
bolivar	pinillos	Pinillos	Político-administrativo	Municipio		
bolivar	regidor	Regidor	Político-administrativo	Municipio		
bolivar	rio-viejo	Río Viejo	Político-administrativo	Municipio		
bolivar	san-cristobal	San Cristóbal	Político-administrativo	Municipio		
bolivar	san-estanislao	San Estanislao	Político-administrativo	Municipio		
bolivar	san-fernando	San Fernando	Político-administrativo	Municipio		
bolivar	san-jacinto	San Jacinto	Político-administrativo	Municipio		
bolivar	san-jacinto-del-cauca	San Jacinto del Cauca	Político-administrativo	Municipio		
bolivar	san-juan-nepomuceno	San Juan Nepomuceno	Político-administrativo	Municipio		
bolivar	san-martin-de-loba	San Martín de Loba	Político-administrativo	Municipio		
bolivar	san-pablo-bol	San Pablo	Político-administrativo	Municipio		
bolivar	santa-catalina	Santa Catalina	Político-administrativo	Municipio		
bolivar	santa-cruz-de-mompox	Santa Cruz de Mompox	Político-administrativo	Municipio		
bolivar	santa-rosa-bol	Santa Rosa	Político-administrativo	Municipio		
bolivar	santa-rosa-del-sur	Santa Rosa del Sur	Político-administrativo	Municipio		
bolivar	simiti	Simití	Político-administrativo	Municipio		
bolivar	soplaviento	Soplaviento	Político-administrativo	Municipio		
bolivar	talaigua-nuevo	Talaigua Nuevo	Político-administrativo	Municipio		
bolivar	tiquisio	Tiquisio	Político-administrativo	Municipio		
bolivar	turbaco	Turbaco	Político-administrativo	Municipio		
bolivar	turbana	Turbaná	Político-administrativo	Municipio		
bolivar	villanueva-bol	Villanueva	Político-administrativo	Municipio		
bolivar	zambrano	Zambrano	Político-administrativo	Municipio		
boyaca	tunja	Tunja	Político-administrativo	Municipio		
boyaca	almeida	Almeida	Político-administrativo	Municipio		
boyaca	aquitania	Aquitania	Político-administrativo	Municipio		
boyaca	arcabuco	Arcabuco	Político-administrativo	Municipio		
boyaca	belen-boy	Belén	Político-administrativo	Municipio		
boyaca	berbeo	Berbeo	Político-administrativo	Municipio		
boyaca	beteitiva	Betéitiva	Político-administrativo	Municipio		
boyaca	boavita	Boavita	Político-administrativo	Municipio		
boyaca	boyaca-boy	Boyacá	Político-administrativo	Municipio		
boyaca	briceno-boy	Briceño	Político-administrativo	Municipio		
boyaca	buenavista-boy	Buenavista	Político-administrativo	Municipio		
boyaca	busbanza	Busbanzá	Político-administrativo	Municipio		
boyaca	caldas-boy	Caldas	Político-administrativo	Municipio		
boyaca	campohermoso	Campohermoso	Político-administrativo	Municipio		
boyaca	cerinza	Cerinza	Político-administrativo	Municipio		
boyaca	chinavita	Chinavita	Político-administrativo	Municipio		
boyaca	chiquinquira	Chiquinquirá	Político-administrativo	Municipio		
boyaca	chiscas	Chiscas	Político-administrativo	Municipio		
boyaca	chita	Chita	Político-administrativo	Municipio		
boyaca	chitaraque	Chitaraque	Político-administrativo	Municipio		
boyaca	chivata	Chivatá	Político-administrativo	Municipio		
boyaca	cienega	Ciénega	Político-administrativo	Municipio		
boyaca	combita	Cómbita	Político-administrativo	Municipio		
boyaca	coper	Coper	Político-administrativo	Municipio		
boyaca	corrales	Corrales	Político-administrativo	Municipio		
boyaca	covarachia	Covarachía	Político-administrativo	Municipio		
boyaca	cubara	Cubará	Político-administrativo	Municipio		
boyaca	cucaita	Cucaita	Político-administrativo	Municipio		
boyaca	cuitiva	Cuítiva	Político-administrativo	Municipio		
boyaca	chiquiza	Chíquiza	Político-administrativo	Municipio		
boyaca	chivor	Chivor	Político-administrativo	Municipio		
boyaca	duitama	Duitama	Político-administrativo	Municipio		
boyaca	el-cocuy	El Cocuy	Político-administrativo	Municipio		
boyaca	el-espino	El Espino	Político-administrativo	Municipio		
boyaca	firavitoba	Firavitoba	Político-administrativo	Municipio		
boyaca	floresta	Floresta	Político-administrativo	Municipio		
boyaca	gachantiva	Gachantivá	Político-administrativo	Municipio		
boyaca	gameza	Gámeza	Político-administrativo	Municipio		
boyaca	garagoa	Garagoa	Político-administrativo	Municipio		
boyaca	guacamayas	Guacamayas	Político-administrativo	Municipio		
boyaca	guateque	Guateque	Político-administrativo	Municipio		
boyaca	guayata	Guayatá	Político-administrativo	Municipio		
boyaca	guican-de-la-sierra	Güicán de la Sierra	Político-administrativo	Municipio		
boyaca	iza	Iza	Político-administrativo	Municipio		
boyaca	jenesano	Jenesano	Político-administrativo	Municipio		
boyaca	jerico-boy	Jericó	Político-administrativo	Municipio		
boyaca	labranzagrande	Labranzagrande	Político-administrativo	Municipio		
boyaca	la-capilla	La Capilla	Político-administrativo	Municipio		
boyaca	la-victoria-boy	La Victoria	Político-administrativo	Municipio		
boyaca	la-uvita	La Uvita	Político-administrativo	Municipio		
boyaca	villa-de-leyva	Villa de Leyva	Político-administrativo	Municipio		
boyaca	macanal	Macanal	Político-administrativo	Municipio		
boyaca	maripi	Maripí	Político-administrativo	Municipio		
boyaca	miraflores-boy	Miraflores	Político-administrativo	Municipio		
boyaca	mongua	Mongua	Político-administrativo	Municipio		
boyaca	mongui	Monguí	Político-administrativo	Municipio		
boyaca	moniquira	Moniquirá	Político-administrativo	Municipio		
boyaca	motavita	Motavita	Político-administrativo	Municipio		
boyaca	muzo	Muzo	Político-administrativo	Municipio		
boyaca	nobsa	Nobsa	Político-administrativo	Municipio		
boyaca	nuevo-colon	Nuevo Colón	Político-administrativo	Municipio		
boyaca	oicata	Oicatá	Político-administrativo	Municipio		
boyaca	otanche	Otanche	Político-administrativo	Municipio		
boyaca	pachavita	Pachavita	Político-administrativo	Municipio		
boyaca	paez-boy	Páez	Político-administrativo	Municipio		
boyaca	paipa	Paipa	Político-administrativo	Municipio		
boyaca	pajarito	Pajarito	Político-administrativo	Municipio		
boyaca	panqueba	Panqueba	Político-administrativo	Municipio		
boyaca	pauna	Pauna	Político-administrativo	Municipio		
boyaca	paya	Paya	Político-administrativo	Municipio		
boyaca	paz-de-rio	Paz de Río	Político-administrativo	Municipio		
boyaca	pesca	Pesca	Político-administrativo	Municipio		
boyaca	pisba	Pisba	Político-administrativo	Municipio		
boyaca	puerto-boyaca	Puerto Boyacá	Político-administrativo	Municipio		
boyaca	quipama	Quípama	Político-administrativo	Municipio		
boyaca	ramiriqui	Ramiriquí	Político-administrativo	Municipio		
boyaca	raquira	Ráquira	Político-administrativo	Municipio		
boyaca	rondon	Rondón	Político-administrativo	Municipio		
boyaca	saboya	Saboyá	Político-administrativo	Municipio		
boyaca	sachica	Sáchica	Político-administrativo	Municipio		
boyaca	samaca	Samacá	Político-administrativo	Municipio		
boyaca	san-eduardo	San Eduardo	Político-administrativo	Municipio		
boyaca	san-jose-de-pare	San José de Pare	Político-administrativo	Municipio		
boyaca	san-luis-de-gaceno	San Luis de Gaceno	Político-administrativo	Municipio		
boyaca	san-mateo	San Mateo	Político-administrativo	Municipio		
boyaca	san-miguel-de-sema	San Miguel de Sema	Político-administrativo	Municipio		
boyaca	san-pablo-de-borbur	San Pablo de Borbur	Político-administrativo	Municipio		
boyaca	santana	Santana	Político-administrativo	Municipio		
boyaca	santa-maria-boy	Santa María	Político-administrativo	Municipio		
boyaca	santa-rosa-de-viterbo	Santa Rosa de Viterbo	Político-administrativo	Municipio		
boyaca	santa-sofia	Santa Sofía	Político-administrativo	Municipio		
boyaca	sativanorte	Sativanorte	Político-administrativo	Municipio		
boyaca	sativasur	Sativasur	Político-administrativo	Municipio		
boyaca	siachoque	Siachoque	Político-administrativo	Municipio		
boyaca	soata	Soatá	Político-administrativo	Municipio		
boyaca	socota	Socotá	Político-administrativo	Municipio		
boyaca	socha	Socha	Político-administrativo	Municipio		
boyaca	sogamoso	Sogamoso	Político-administrativo	Municipio		
boyaca	somondoco	Somondoco	Político-administrativo	Municipio		
boyaca	sora	Sora	Político-administrativo	Municipio		
boyaca	sotaquira	Sotaquirá	Político-administrativo	Municipio		
boyaca	soraca	Soracá	Político-administrativo	Municipio		
boyaca	susacon	Susacón	Político-administrativo	Municipio		
boyaca	sutamarchan	Sutamarchán	Político-administrativo	Municipio		
boyaca	sutatenza	Sutatenza	Político-administrativo	Municipio		
boyaca	tasco	Tasco	Político-administrativo	Municipio		
boyaca	tenza	Tenza	Político-administrativo	Municipio		
boyaca	tibana	Tibaná	Político-administrativo	Municipio		
boyaca	tibasosa	Tibasosa	Político-administrativo	Municipio		
boyaca	tinjaca	Tinjacá	Político-administrativo	Municipio		
boyaca	tipacoque	Tipacoque	Político-administrativo	Municipio		
boyaca	toca	Toca	Político-administrativo	Municipio		
boyaca	togui	Togüí	Político-administrativo	Municipio		
boyaca	topaga	Tópaga	Político-administrativo	Municipio		
boyaca	tota	Tota	Político-administrativo	Municipio		
boyaca	tunungua	Tununguá	Político-administrativo	Municipio		
boyaca	turmeque	Turmequé	Político-administrativo	Municipio		
boyaca	tuta	Tuta	Político-administrativo	Municipio		
boyaca	tutaza	Tutazá	Político-administrativo	Municipio		
boyaca	umbita	Úmbita	Político-administrativo	Municipio		
boyaca	ventaquemada	Ventaquemada	Político-administrativo	Municipio		
boyaca	viracacha	Viracachá	Político-administrativo	Municipio		
boyaca	zetaquira	Zetaquira	Político-administrativo	Municipio		
caldas	manizales	Manizales	Político-administrativo	Municipio		
caldas	aguadas	Aguadas	Político-administrativo	Municipio		
caldas	anserma	Anserma	Político-administrativo	Municipio		
caldas	aranzazu	Aranzazu	Político-administrativo	Municipio		
caldas	belalcazar	Belalcázar	Político-administrativo	Municipio		
caldas	chinchina	Chinchiná	Político-administrativo	Municipio		
caldas	filadelfia	Filadelfia	Político-administrativo	Municipio		
caldas	la-dorada	La Dorada	Político-administrativo	Municipio		
caldas	la-merced	La Merced	Político-administrativo	Municipio		
caldas	manzanares	Manzanares	Político-administrativo	Municipio		
caldas	marmato	Marmato	Político-administrativo	Municipio		
caldas	marquetalia	Marquetalia	Político-administrativo	Municipio		
caldas	marulanda	Marulanda	Político-administrativo	Municipio		
caldas	neira	Neira	Político-administrativo	Municipio		
caldas	norcasia	Norcasia	Político-administrativo	Municipio		
caldas	pacora	Pácora	Político-administrativo	Municipio		
caldas	palestina-cal	Palestina	Político-administrativo	Municipio		
caldas	pensilvania	Pensilvania	Político-administrativo	Municipio		
caldas	riosucio-cal	Riosucio	Político-administrativo	Municipio		
caldas	risaralda-cal	Risaralda	Político-administrativo	Municipio		
caldas	salamina-cal	Salamina	Político-administrativo	Municipio		
caldas	samana	Samaná	Político-administrativo	Municipio		
caldas	san-jose	San José	Político-administrativo	Municipio		
caldas	supia	Supía	Político-administrativo	Municipio		
caldas	victoria	Victoria	Político-administrativo	Municipio		
caldas	villamaria	Villamaría	Político-administrativo	Municipio		
caldas	viterbo	Viterbo	Político-administrativo	Municipio		
caqueta	florencia-caq	Florencia	Político-administrativo	Municipio		
caqueta	albania-caq	Albania	Político-administrativo	Municipio		
caqueta	belen-de-los-andaquies	Belén de los Andaquíes	Político-administrativo	Municipio		
caqueta	cartagena-del-chaira	Cartagena del Chairá	Político-administrativo	Municipio		
caqueta	curillo	Curillo	Político-administrativo	Municipio		
caqueta	el-doncello	El Doncello	Político-administrativo	Municipio		
caqueta	el-paujil	El Paujíl	Político-administrativo	Municipio		
caqueta	la-montanita	La Montañita	Político-administrativo	Municipio		
caqueta	milan	Milán	Político-administrativo	Municipio		
caqueta	morelia	Morelia	Político-administrativo	Municipio		
caqueta	puerto-rico-caq	Puerto Rico	Político-administrativo	Municipio		
caqueta	san-jose-del-fragua	San José del Fragua	Político-administrativo	Municipio		
caqueta	san-vicente-del-caguan	San Vicente del Caguán	Político-administrativo	Municipio		
caqueta	solano	Solano	Político-administrativo	Municipio		
caqueta	solita	Solita	Político-administrativo	Municipio		
caqueta	valparaiso-caq	Valparaíso	Político-administrativo	Municipio		
casanare	yopal	Yopal	Político-administrativo	Municipio		
casanare	aguazul	Aguazul	Político-administrativo	Municipio		
casanare	chameza	Chámeza	Político-administrativo	Municipio		
casanare	hato-corozal	Hato Corozal	Político-administrativo	Municipio		
casanare	la-salina	La Salina	Político-administrativo	Municipio		
casanare	mani	Maní	Político-administrativo	Municipio		
casanare	monterrey	Monterrey	Político-administrativo	Municipio		
casanare	nunchia	Nunchía	Político-administrativo	Municipio		
casanare	orocue	Orocué	Político-administrativo	Municipio		
casanare	paz-de-ariporo	Paz de Ariporo	Político-administrativo	Municipio		
casanare	pore	Pore	Político-administrativo	Municipio		
casanare	recetor	Recetor	Político-administrativo	Municipio		
casanare	sabanalarga-cas	Sabanalarga	Político-administrativo	Municipio		
casanare	sacama	Sácama	Político-administrativo	Municipio		
casanare	san-luis-de-palenque	San Luis de Palenque	Político-administrativo	Municipio		
casanare	tamara	Támara	Político-administrativo	Municipio		
casanare	tauramena	Tauramena	Político-administrativo	Municipio		
casanare	trinidad	Trinidad	Político-administrativo	Municipio		
casanare	villanueva-cas	Villanueva	Político-administrativo	Municipio		
cauca	popayan	Popayán	Político-administrativo	Municipio		
cauca	almaguer	Almaguer	Político-administrativo	Municipio		
cauca	argelia-cau	Argelia	Político-administrativo	Municipio		
cauca	balboa-cau	Balboa	Político-administrativo	Municipio		
cauca	bolivar-cau	Bolívar	Político-administrativo	Municipio		
cauca	buenos-aires	Buenos Aires	Político-administrativo	Municipio		
cauca	cajibio	Cajibío	Político-administrativo	Municipio		
cauca	caldono	Caldono	Político-administrativo	Municipio		
cauca	caloto	Caloto	Político-administrativo	Municipio		
cauca	corinto	Corinto	Político-administrativo	Municipio		
cauca	el-tambo-cau	El Tambo	Político-administrativo	Municipio		
cauca	florencia-cau	Florencia	Político-administrativo	Municipio		
cauca	guachene	Guachené	Político-administrativo	Municipio		
cauca	guapi	Guapi	Político-administrativo	Municipio		
cauca	inza	Inzá	Político-administrativo	Municipio		
cauca	jambalo	Jambaló	Político-administrativo	Municipio		
cauca	la-sierra	La Sierra	Político-administrativo	Municipio		
cauca	la-vega-cau	La Vega	Político-administrativo	Municipio		
cauca	lopez-de-micay	López de Micay	Político-administrativo	Municipio		
cauca	mercaderes	Mercaderes	Político-administrativo	Municipio		
cauca	miranda	Miranda	Político-administrativo	Municipio		
cauca	morales-cau	Morales	Político-administrativo	Municipio		
cauca	padilla	Padilla	Político-administrativo	Municipio		
cauca	paez-cau	Páez	Político-administrativo	Municipio		
cauca	patia	Patía	Político-administrativo	Municipio		
cauca	piamonte	Piamonte	Político-administrativo	Municipio		
cauca	piendamo-tunia	Piendamó - Tunía	Político-administrativo	Municipio		
cauca	puerto-tejada	Puerto Tejada	Político-administrativo	Municipio		
cauca	purace	Puracé	Político-administrativo	Municipio		
cauca	rosas	Rosas	Político-administrativo	Municipio		
cauca	san-sebastian	San Sebastián	Político-administrativo	Municipio		
cauca	santander-de-quilichao	Santander de Quilichao	Político-administrativo	Municipio		
cauca	santa-rosa-cau	Santa Rosa	Político-administrativo	Municipio		
cauca	silvia	Silvia	Político-administrativo	Municipio		
cauca	sotara-paispamba	Sotará - Paispamba	Político-administrativo	Municipio		
cauca	suarez-cau	Suárez	Político-administrativo	Municipio		
cauca	sucre-cau	Sucre	Político-administrativo	Municipio		
cauca	timbio	Timbío	Político-administrativo	Municipio		
cauca	timbiqui	Timbiquí	Político-administrativo	Municipio		
cauca	toribio	Toribío	Político-administrativo	Municipio		
cauca	totoro	Totoró	Político-administrativo	Municipio		
cauca	villa-rica	Villa Rica	Político-administrativo	Municipio		
cesar	valledupar	Valledupar	Político-administrativo	Municipio		
cesar	aguachica	Aguachica	Político-administrativo	Municipio		
cesar	agustin-codazzi	Agustín Codazzi	Político-administrativo	Municipio		
cesar	astrea	Astrea	Político-administrativo	Municipio		
cesar	becerril	Becerril	Político-administrativo	Municipio		
cesar	bosconia	Bosconia	Político-administrativo	Municipio		
cesar	chimichagua	Chimichagua	Político-administrativo	Municipio		
cesar	chiriguana	Chiriguaná	Político-administrativo	Municipio		
cesar	curumani	Curumaní	Político-administrativo	Municipio		
cesar	el-copey	El Copey	Político-administrativo	Municipio		
cesar	el-paso	El Paso	Político-administrativo	Municipio		
cesar	gamarra	Gamarra	Político-administrativo	Municipio		
cesar	gonzalez	González	Político-administrativo	Municipio		
cesar	la-gloria	La Gloria	Político-administrativo	Municipio		
cesar	la-jagua-de-ibirico	La Jagua de Ibirico	Político-administrativo	Municipio		
cesar	manaure-balcon-del-cesar	Manaure Balcón del Cesar	Político-administrativo	Municipio		
cesar	pailitas	Pailitas	Político-administrativo	Municipio		
cesar	pelaya	Pelaya	Político-administrativo	Municipio		
cesar	pueblo-bello	Pueblo Bello	Político-administrativo	Municipio		
cesar	rio-de-oro	Río de Oro	Político-administrativo	Municipio		
cesar	la-paz-ces	La Paz	Político-administrativo	Municipio		
cesar	san-alberto	San Alberto	Político-administrativo	Municipio		
cesar	san-diego	San Diego	Político-administrativo	Municipio		
cesar	san-martin-ces	San Martín	Político-administrativo	Municipio		
cesar	tamalameque	Tamalameque	Político-administrativo	Municipio		
choco	quibdo	Quibdó	Político-administrativo	Municipio		
choco	acandi	Acandí	Político-administrativo	Municipio		
choco	alto-baudo	Alto Baudó	Político-administrativo	Municipio		
choco	atrato	Atrato	Político-administrativo	Municipio		
choco	bagado	Bagadó	Político-administrativo	Municipio		
choco	bahia-solano	Bahía Solano	Político-administrativo	Municipio		
choco	bajo-baudo	Bajo Baudó	Político-administrativo	Municipio		
choco	bojaya	Bojayá	Político-administrativo	Municipio		
choco	el-canton-del-san-pablo	El Cantón del San Pablo	Político-administrativo	Municipio		
choco	carmen-del-darien	Carmen del Darién	Político-administrativo	Municipio		
choco	certegui	Cértegui	Político-administrativo	Municipio		
choco	condoto	Condoto	Político-administrativo	Municipio		
choco	el-carmen-de-atrato	El Carmen de Atrato	Político-administrativo	Municipio		
choco	el-litoral-del-san-juan	El Litoral del San Juan	Político-administrativo	Municipio		
choco	istmina	Istmina	Político-administrativo	Municipio		
choco	jurado	Juradó	Político-administrativo	Municipio		
choco	lloro	Lloró	Político-administrativo	Municipio		
choco	medio-atrato	Medio Atrato	Político-administrativo	Municipio		
choco	medio-baudo	Medio Baudó	Político-administrativo	Municipio		
choco	medio-san-juan	Medio San Juan	Político-administrativo	Municipio		
choco	novita	Nóvita	Político-administrativo	Municipio		
choco	nuqui	Nuquí	Político-administrativo	Municipio		
choco	rio-iro	Río Iró	Político-administrativo	Municipio		
choco	rio-quito	Río Quito	Político-administrativo	Municipio		
choco	riosucio-cho	Riosucio	Político-administrativo	Municipio		
choco	san-jose-del-palmar	San José del Palmar	Político-administrativo	Municipio		
choco	sipi	Sipí	Político-administrativo	Municipio		
choco	tado	Tadó	Político-administrativo	Municipio		
choco	unguia	Unguía	Político-administrativo	Municipio		
choco	union-panamericana	Unión Panamericana	Político-administrativo	Municipio		
cordoba	monteria	Montería	Político-administrativo	Municipio		
cordoba	ayapel	Ayapel	Político-administrativo	Municipio		
cordoba	buenavista-cor	Buenavista	Político-administrativo	Municipio		
cordoba	canalete	Canalete	Político-administrativo	Municipio		
cordoba	cerete	Cereté	Político-administrativo	Municipio		
cordoba	chima-cor	Chimá	Político-administrativo	Municipio		
cordoba	chinu	Chinú	Político-administrativo	Municipio		
cordoba	cienaga-de-oro	Ciénaga de Oro	Político-administrativo	Municipio		
cordoba	cotorra	Cotorra	Político-administrativo	Municipio		
cordoba	la-apartada	La Apartada	Político-administrativo	Municipio		
cordoba	lorica	Lorica	Político-administrativo	Municipio		
cordoba	los-cordobas	Los Córdobas	Político-administrativo	Municipio		
cordoba	momil	Momil	Político-administrativo	Municipio		
cordoba	montelibano	Montelíbano	Político-administrativo	Municipio		
cordoba	monitos	Moñitos	Político-administrativo	Municipio		
cordoba	planeta-rica	Planeta Rica	Político-administrativo	Municipio		
cordoba	pueblo-nuevo	Pueblo Nuevo	Político-administrativo	Municipio		
cordoba	puerto-escondido	Puerto Escondido	Político-administrativo	Municipio		
cordoba	puerto-libertador	Puerto Libertador	Político-administrativo	Municipio		
cordoba	purisima-de-la-concepcion	Purísima de la Concepción	Político-administrativo	Municipio		
cordoba	sahagun	Sahagún	Político-administrativo	Municipio		
cordoba	san-andres-de-sotavento	San Andrés de Sotavento	Político-administrativo	Municipio		
cordoba	san-antero	San Antero	Político-administrativo	Municipio		
cordoba	san-bernardo-del-viento	San Bernardo del Viento	Político-administrativo	Municipio		
cordoba	san-carlos-cor	San Carlos	Político-administrativo	Municipio		
cordoba	san-jose-de-ure	San José de Uré	Político-administrativo	Municipio		
cordoba	san-pelayo	San Pelayo	Político-administrativo	Municipio		
cordoba	tierralta	Tierralta	Político-administrativo	Municipio		
cordoba	tuchin	Tuchín	Político-administrativo	Municipio		
cordoba	valencia	Valencia	Político-administrativo	Municipio		
cundinamarca	agua-de-dios	Agua de Dios	Político-administrativo	Municipio		
cundinamarca	alban-cund	Albán	Político-administrativo	Municipio		
cundinamarca	anapoima	Anapoima	Político-administrativo	Municipio		
cundinamarca	anolaima	Anolaima	Político-administrativo	Municipio		
cundinamarca	arbelaez	Arbeláez	Político-administrativo	Municipio		
cundinamarca	beltran	Beltrán	Político-administrativo	Municipio		
cundinamarca	bituima	Bituima	Político-administrativo	Municipio		
cundinamarca	bojaca	Bojacá	Político-administrativo	Municipio		
cundinamarca	cabrera-cun	Cabrera	Político-administrativo	Municipio		
cundinamarca	cachipay	Cachipay	Político-administrativo	Municipio		
cundinamarca	cajica	Cajicá	Político-administrativo	Municipio		
cundinamarca	caparrapi	Caparrapí	Político-administrativo	Municipio		
cundinamarca	caqueza	Cáqueza	Político-administrativo	Municipio		
cundinamarca	carmen-de-carupa	Carmen de Carupa	Político-administrativo	Municipio		
cundinamarca	chaguani	Chaguaní	Político-administrativo	Municipio		
cundinamarca	chia	Chía	Político-administrativo	Municipio		
cundinamarca	chipaque	Chipaque	Político-administrativo	Municipio		
cundinamarca	choachi	Choachí	Político-administrativo	Municipio		
cundinamarca	choconta	Chocontá	Político-administrativo	Municipio		
cundinamarca	cogua	Cogua	Político-administrativo	Municipio		
cundinamarca	cota	Cota	Político-administrativo	Municipio		
cundinamarca	cucunuba	Cucunubá	Político-administrativo	Municipio		
cundinamarca	el-colegio	El Colegio	Político-administrativo	Municipio		
cundinamarca	el-penon-cun	El Peñón	Político-administrativo	Municipio		
cundinamarca	el-rosal	El Rosal	Político-administrativo	Municipio		
cundinamarca	facatativa	Facatativá	Político-administrativo	Municipio		
cundinamarca	fomeque	Fómeque	Político-administrativo	Municipio		
cundinamarca	fosca	Fosca	Político-administrativo	Municipio		
cundinamarca	funza	Funza	Político-administrativo	Municipio		
cundinamarca	fuquene	Fúquene	Político-administrativo	Municipio		
cundinamarca	fusagasuga	Fusagasugá	Político-administrativo	Municipio		
cundinamarca	gachala	Gachalá	Político-administrativo	Municipio		
cundinamarca	gachancipa	Gachancipá	Político-administrativo	Municipio		
cundinamarca	gacheta	Gachetá	Político-administrativo	Municipio		
cundinamarca	gama	Gama	Político-administrativo	Municipio		
cundinamarca	girardot	Girardot	Político-administrativo	Municipio		
cundinamarca	granada-cun	Granada	Político-administrativo	Municipio		
cundinamarca	guacheta	Guachetá	Político-administrativo	Municipio		
cundinamarca	guaduas	Guaduas	Político-administrativo	Municipio		
cundinamarca	guasca	Guasca	Político-administrativo	Municipio		
cundinamarca	guataqui	Guataquí	Político-administrativo	Municipio		
cundinamarca	guatavita	Guatavita	Político-administrativo	Municipio		
cundinamarca	guayabal-de-siquima	Guayabal de Síquima	Político-administrativo	Municipio		
cundinamarca	guayabetal	Guayabetal	Político-administrativo	Municipio		
cundinamarca	gutierrez	Gutiérrez	Político-administrativo	Municipio		
cundinamarca	jerusalen	Jerusalén	Político-administrativo	Municipio		
cundinamarca	junin	Junín	Político-administrativo	Municipio		
cundinamarca	la-calera	La Calera	Político-administrativo	Municipio		
cundinamarca	la-mesa	La Mesa	Político-administrativo	Municipio		
cundinamarca	la-palma	La Palma	Político-administrativo	Municipio		
cundinamarca	la-pena	La Peña	Político-administrativo	Municipio		
cundinamarca	la-vega-cun	La Vega	Político-administrativo	Municipio		
cundinamarca	lenguazaque	Lenguazaque	Político-administrativo	Municipio		
cundinamarca	macheta	Machetá	Político-administrativo	Municipio		
cundinamarca	madrid	Madrid	Político-administrativo	Municipio		
cundinamarca	manta	Manta	Político-administrativo	Municipio		
cundinamarca	medina	Medina	Político-administrativo	Municipio		
cundinamarca	mosquera-cun	Mosquera	Político-administrativo	Municipio		
cundinamarca	narino-cun	Nariño	Político-administrativo	Municipio		
cundinamarca	nemocon	Nemocón	Político-administrativo	Municipio		
cundinamarca	nilo	Nilo	Político-administrativo	Municipio		
cundinamarca	nimaima	Nimaima	Político-administrativo	Municipio		
cundinamarca	nocaima	Nocaima	Político-administrativo	Municipio		
cundinamarca	venecia-cun	Venecia	Político-administrativo	Municipio		
cundinamarca	pacho	Pacho	Político-administrativo	Municipio		
cundinamarca	paime	Paime	Político-administrativo	Municipio		
cundinamarca	pandi	Pandi	Político-administrativo	Municipio		
cundinamarca	paratebueno	Paratebueno	Político-administrativo	Municipio		
cundinamarca	pasca	Pasca	Político-administrativo	Municipio		
cundinamarca	puerto-salgar	Puerto Salgar	Político-administrativo	Municipio		
cundinamarca	puli	Pulí	Político-administrativo	Municipio		
cundinamarca	quebradanegra	Quebradanegra	Político-administrativo	Municipio		
cundinamarca	quetame	Quetame	Político-administrativo	Municipio		
cundinamarca	quipile	Quipile	Político-administrativo	Municipio		
cundinamarca	apulo	Apulo	Político-administrativo	Municipio		
cundinamarca	ricaurte-cun	Ricaurte	Político-administrativo	Municipio		
cundinamarca	san-antonio-del-tequendama	San Antonio del Tequendama	Político-administrativo	Municipio		
cundinamarca	san-bernardo-cun	San Bernardo	Político-administrativo	Municipio		
cundinamarca	san-cayetano-cun	San Cayetano	Político-administrativo	Municipio		
cundinamarca	san-francisco-cun	San Francisco	Político-administrativo	Municipio		
cundinamarca	san-juan-de-rioseco	San Juan de Rioseco	Político-administrativo	Municipio		
cundinamarca	sasaima	Sasaima	Político-administrativo	Municipio		
cundinamarca	sesquile	Sesquilé	Político-administrativo	Municipio		
cundinamarca	sibate	Sibaté	Político-administrativo	Municipio		
cundinamarca	silvania	Silvania	Político-administrativo	Municipio		
cundinamarca	simijaca	Simijaca	Político-administrativo	Municipio		
cundinamarca	soacha	Soacha	Político-administrativo	Municipio		
cundinamarca	sopo	Sopó	Político-administrativo	Municipio		
cundinamarca	subachoque	Subachoque	Político-administrativo	Municipio		
cundinamarca	suesca	Suesca	Político-administrativo	Municipio		
cundinamarca	supata	Supatá	Político-administrativo	Municipio		
cundinamarca	susa	Susa	Político-administrativo	Municipio		
cundinamarca	sutatausa	Sutatausa	Político-administrativo	Municipio		
cundinamarca	tabio	Tabio	Político-administrativo	Municipio		
cundinamarca	tausa	Tausa	Político-administrativo	Municipio		
cundinamarca	tena	Tena	Político-administrativo	Municipio		
cundinamarca	tenjo	Tenjo	Político-administrativo	Municipio		
cundinamarca	tibacuy	Tibacuy	Político-administrativo	Municipio		
cundinamarca	tibirita	Tibirita	Político-administrativo	Municipio		
cundinamarca	tocaima	Tocaima	Político-administrativo	Municipio		
cundinamarca	tocancipa	Tocancipá	Político-administrativo	Municipio		
cundinamarca	topaipi	Topaipí	Político-administrativo	Municipio		
cundinamarca	ubala	Ubalá	Político-administrativo	Municipio		
cundinamarca	ubaque	Ubaque	Político-administrativo	Municipio		
cundinamarca	villa-de-san-diego-de-ubate	Villa de San Diego de Ubaté	Político-administrativo	Municipio		
cundinamarca	une	Une	Político-administrativo	Municipio		
cundinamarca	utica	Útica	Político-administrativo	Municipio		
cundinamarca	vergara	Vergara	Político-administrativo	Municipio		
cundinamarca	viani	Vianí	Político-administrativo	Municipio		
cundinamarca	villagomez	Villagómez	Político-administrativo	Municipio		
cundinamarca	villapinzon	Villapinzón	Político-administrativo	Municipio		
cundinamarca	villeta	Villeta	Político-administrativo	Municipio		
cundinamarca	viota	Viotá	Político-administrativo	Municipio		
cundinamarca	yacopi	Yacopí	Político-administrativo	Municipio		
cundinamarca	zipacon	Zipacón	Político-administrativo	Municipio		
cundinamarca	zipaquira	Zipaquirá	Político-administrativo	Municipio		
guainia	inirida	Inírida	Político-administrativo	Municipio		
guainia	san-felipe	San Felipe	Político-administrativo	Municipio		
guainia	puerto-colombia-gua	Puerto Colombia	Político-administrativo	Municipio		
guainia	la-guadalupe	La Guadalupe	Político-administrativo	Municipio		
guainia	cacahual	Cacahual	Político-administrativo	Municipio		
guainia	pana-pana	Pana Pana	Político-administrativo	Municipio		
guainia	morichal	Morichal	Político-administrativo	Municipio		
guainia	barrancominas	Barrancominas	Político-administrativo	Municipio		
guaviare	san-jose-del-guaviare	San José del Guaviare	Político-administrativo	Municipio		
guaviare	calamar-guv	Calamar	Político-administrativo	Municipio		
guaviare	el-retorno	El Retorno	Político-administrativo	Municipio		
guaviare	miraflores-guv	Miraflores	Político-administrativo	Municipio		
huila	neiva	Neiva	Político-administrativo	Municipio		
huila	acevedo	Acevedo	Político-administrativo	Municipio		
huila	agrado	Agrado	Político-administrativo	Municipio		
huila	aipe	Aipe	Político-administrativo	Municipio		
huila	algeciras	Algeciras	Político-administrativo	Municipio		
huila	altamira	Altamira	Político-administrativo	Municipio		
huila	baraya	Baraya	Político-administrativo	Municipio		
huila	campoalegre	Campoalegre	Político-administrativo	Municipio		
huila	colombia-hui	Colombia	Político-administrativo	Municipio		
huila	elias	Elías	Político-administrativo	Municipio		
huila	garzon	Garzón	Político-administrativo	Municipio		
huila	gigante	Gigante	Político-administrativo	Municipio		
huila	guadalupe-hui	Guadalupe	Político-administrativo	Municipio		
huila	hobo	Hobo	Político-administrativo	Municipio		
huila	iquira	Íquira	Político-administrativo	Municipio		
huila	isnos	Isnos	Político-administrativo	Municipio		
huila	la-argentina	La Argentina	Político-administrativo	Municipio		
huila	la-plata	La Plata	Político-administrativo	Municipio		
huila	nataga	Nátaga	Político-administrativo	Municipio		
huila	oporapa	Oporapa	Político-administrativo	Municipio		
huila	paicol	Paicol	Político-administrativo	Municipio		
huila	palermo	Palermo	Político-administrativo	Municipio		
huila	palestina-hui	Palestina	Político-administrativo	Municipio		
huila	pital	Pital	Político-administrativo	Municipio		
huila	pitalito	Pitalito	Político-administrativo	Municipio		
huila	rivera	Rivera	Político-administrativo	Municipio		
huila	saladoblanco	Saladoblanco	Político-administrativo	Municipio		
huila	san-agustin	San Agustín	Político-administrativo	Municipio		
huila	santa-maria-hui	Santa María	Político-administrativo	Municipio		
huila	suaza	Suaza	Político-administrativo	Municipio		
huila	tarqui	Tarqui	Político-administrativo	Municipio		
huila	tesalia	Tesalia	Político-administrativo	Municipio		
huila	tello	Tello	Político-administrativo	Municipio		
huila	teruel	Teruel	Político-administrativo	Municipio		
huila	timana	Timaná	Político-administrativo	Municipio		
huila	villavieja	Villavieja	Político-administrativo	Municipio		
huila	yaguara	Yaguará	Político-administrativo	Municipio		
la-guajira	riohacha	Riohacha	Político-administrativo	Municipio		
la-guajira	albania-lag	Albania	Político-administrativo	Municipio		
la-guajira	barrancas	Barrancas	Político-administrativo	Municipio		
la-guajira	dibulla	Dibulla	Político-administrativo	Municipio		
la-guajira	distraccion	Distracción	Político-administrativo	Municipio		
la-guajira	el-molino	El Molino	Político-administrativo	Municipio		
la-guajira	fonseca	Fonseca	Político-administrativo	Municipio		
la-guajira	hatonuevo	Hatonuevo	Político-administrativo	Municipio		
la-guajira	la-jagua-del-pilar	La Jagua del Pilar	Político-administrativo	Municipio		
la-guajira	maicao	Maicao	Político-administrativo	Municipio		
la-guajira	manaure	Manaure	Político-administrativo	Municipio		
la-guajira	san-juan-del-cesar	San Juan del Cesar	Político-administrativo	Municipio		
la-guajira	uribia	Uribia	Político-administrativo	Municipio		
la-guajira	urumita	Urumita	Político-administrativo	Municipio		
la-guajira	villanueva-lag	Villanueva	Político-administrativo	Municipio		
magdalena	santa-marta	Santa Marta	Político-administrativo	Municipio		
magdalena	algarrobo	Algarrobo	Político-administrativo	Municipio		
magdalena	aracataca	Aracataca	Político-administrativo	Municipio		
magdalena	ariguani	Ariguaní	Político-administrativo	Municipio		
magdalena	cerro-de-san-antonio	Cerro de San Antonio	Político-administrativo	Municipio		
magdalena	chivolo	Chivolo	Político-administrativo	Municipio		
magdalena	cienaga	Ciénaga	Político-administrativo	Municipio		
magdalena	concordia-mag	Concordia	Político-administrativo	Municipio		
magdalena	el-banco	El Banco	Político-administrativo	Municipio		
magdalena	el-pinon	El Piñón	Político-administrativo	Municipio		
magdalena	el-reten	El Retén	Político-administrativo	Municipio		
magdalena	fundacion	Fundación	Político-administrativo	Municipio		
magdalena	guamal-mag	Guamal	Político-administrativo	Municipio		
magdalena	nueva-granada	Nueva Granada	Político-administrativo	Municipio		
magdalena	pedraza	Pedraza	Político-administrativo	Municipio		
magdalena	pijino-del-carmen	Pijiño del Carmen	Político-administrativo	Municipio		
magdalena	pivijay	Pivijay	Político-administrativo	Municipio		
magdalena	plato	Plato	Político-administrativo	Municipio		
magdalena	puebloviejo	Puebloviejo	Político-administrativo	Municipio		
magdalena	remolino	Remolino	Político-administrativo	Municipio		
magdalena	sabanas-de-san-angel	Sabanas de San Ángel	Político-administrativo	Municipio		
magdalena	salamina-mag	Salamina	Político-administrativo	Municipio		
magdalena	san-sebastian-de-buenavista	San Sebastián de Buenavista	Político-administrativo	Municipio		
magdalena	san-zenon	San Zenón	Político-administrativo	Municipio		
magdalena	santa-ana	Santa Ana	Político-administrativo	Municipio		
magdalena	santa-barbara-de-pinto	Santa Bárbara de Pinto	Político-administrativo	Municipio		
magdalena	sitionuevo	Sitionuevo	Político-administrativo	Municipio		
magdalena	tenerife	Tenerife	Político-administrativo	Municipio		
magdalena	zapayan	Zapayán	Político-administrativo	Municipio		
magdalena	zona-bananera	Zona Bananera	Político-administrativo	Municipio		
meta	villavicencio	Villavicencio	Político-administrativo	Municipio		
meta	acacias	Acacías	Político-administrativo	Municipio		
meta	barranca-de-upia	Barranca de Upía	Político-administrativo	Municipio		
meta	cabuyaro	Cabuyaro	Político-administrativo	Municipio		
meta	castilla-la-nueva	Castilla la Nueva	Político-administrativo	Municipio		
meta	cubarral	Cubarral	Político-administrativo	Municipio		
meta	cumaral	Cumaral	Político-administrativo	Municipio		
meta	el-calvario	El Calvario	Político-administrativo	Municipio		
meta	el-castillo	El Castillo	Político-administrativo	Municipio		
meta	el-dorado	El Dorado	Político-administrativo	Municipio		
meta	fuente-de-oro	Fuente de Oro	Político-administrativo	Municipio		
meta	granada-met	Granada	Político-administrativo	Municipio		
meta	guamal-met	Guamal	Político-administrativo	Municipio		
meta	mapiripan	Mapiripán	Político-administrativo	Municipio		
meta	mesetas	Mesetas	Político-administrativo	Municipio		
meta	la-macarena	La Macarena	Político-administrativo	Municipio		
meta	uribe	Uribe	Político-administrativo	Municipio		
meta	lejanias	Lejanías	Político-administrativo	Municipio		
meta	puerto-concordia	Puerto Concordia	Político-administrativo	Municipio		
meta	puerto-gaitan	Puerto Gaitán	Político-administrativo	Municipio		
meta	puerto-lopez	Puerto López	Político-administrativo	Municipio		
meta	puerto-lleras	Puerto Lleras	Político-administrativo	Municipio		
meta	puerto-rico-met	Puerto Rico	Político-administrativo	Municipio		
meta	restrepo-met	Restrepo	Político-administrativo	Municipio		
meta	san-carlos-de-guaroa	San Carlos de Guaroa	Político-administrativo	Municipio		
meta	san-juan-de-arama	San Juan de Arama	Político-administrativo	Municipio		
meta	san-juanito	San Juanito	Político-administrativo	Municipio		
meta	san-martin-met	San Martín	Político-administrativo	Municipio		
meta	vistahermosa	Vistahermosa	Político-administrativo	Municipio		
narino	pasto	Pasto	Político-administrativo	Municipio		
narino	alban-nar	Albán	Político-administrativo	Municipio		
narino	aldana	Aldana	Político-administrativo	Municipio		
narino	ancuya	Ancuya	Político-administrativo	Municipio		
narino	arboleda	Arboleda	Político-administrativo	Municipio		
narino	barbacoas	Barbacoas	Político-administrativo	Municipio		
narino	belen-nar	Belén	Político-administrativo	Municipio		
narino	buesaco	Buesaco	Político-administrativo	Municipio		
narino	colon-nar	Colón	Político-administrativo	Municipio		
narino	consaca	Consacá	Político-administrativo	Municipio		
narino	contadero	Contadero	Político-administrativo	Municipio		
narino	cordoba-nar	Córdoba	Político-administrativo	Municipio		
narino	cuaspud	Cuaspud	Político-administrativo	Municipio		
narino	cumbal	Cumbal	Político-administrativo	Municipio		
narino	cumbitara	Cumbitara	Político-administrativo	Municipio		
narino	chachagui	Chachagüí	Político-administrativo	Municipio		
narino	el-charco	El Charco	Político-administrativo	Municipio		
narino	el-penol	El Peñol	Político-administrativo	Municipio		
narino	el-rosario	El Rosario	Político-administrativo	Municipio		
narino	el-tablon-de-gomez	El Tablón de Gómez	Político-administrativo	Municipio		
narino	el-tambo-nar	El Tambo	Político-administrativo	Municipio		
narino	funes	Funes	Político-administrativo	Municipio		
narino	guachucal	Guachucal	Político-administrativo	Municipio		
narino	guaitarilla	Guaitarilla	Político-administrativo	Municipio		
narino	gualmatan	Gualmatán	Político-administrativo	Municipio		
narino	iles	Iles	Político-administrativo	Municipio		
narino	imues	Imués	Político-administrativo	Municipio		
narino	ipiales	Ipiales	Político-administrativo	Municipio		
narino	la-cruz	La Cruz	Político-administrativo	Municipio		
narino	la-florida	La Florida	Político-administrativo	Municipio		
narino	la-llanada	La Llanada	Político-administrativo	Municipio		
narino	la-tola	La Tola	Político-administrativo	Municipio		
narino	la-union-nar	La Unión	Político-administrativo	Municipio		
narino	leiva	Leiva	Político-administrativo	Municipio		
narino	linares	Linares	Político-administrativo	Municipio		
narino	los-andes	Los Andes	Político-administrativo	Municipio		
narino	magui	Magüí	Político-administrativo	Municipio		
narino	mallama	Mallama	Político-administrativo	Municipio		
narino	mosquera-nar	Mosquera	Político-administrativo	Municipio		
narino	narino-nar	Nariño	Político-administrativo	Municipio		
narino	olaya-herrera	Olaya Herrera	Político-administrativo	Municipio		
narino	ospina	Ospina	Político-administrativo	Municipio		
narino	francisco-pizarro	Francisco Pizarro	Político-administrativo	Municipio		
narino	policarpa	Policarpa	Político-administrativo	Municipio		
narino	potosi	Potosí	Político-administrativo	Municipio		
narino	providencia-nar	Providencia	Político-administrativo	Municipio		
narino	puerres	Puerres	Político-administrativo	Municipio		
narino	pupiales	Pupiales	Político-administrativo	Municipio		
narino	ricaurte-nar	Ricaurte	Político-administrativo	Municipio		
narino	roberto-payan	Roberto Payán	Político-administrativo	Municipio		
narino	samaniego	Samaniego	Político-administrativo	Municipio		
narino	sandona	Sandoná	Político-administrativo	Municipio		
narino	san-bernardo-nar	San Bernardo	Político-administrativo	Municipio		
narino	san-lorenzo	San Lorenzo	Político-administrativo	Municipio		
narino	san-pablo-nar	San Pablo	Político-administrativo	Municipio		
narino	san-pedro-de-cartago	San Pedro de Cartago	Político-administrativo	Municipio		
narino	santa-barbara-nar	Santa Bárbara	Político-administrativo	Municipio		
narino	santacruz	Santacruz	Político-administrativo	Municipio		
narino	sapuyes	Sapuyes	Político-administrativo	Municipio		
narino	taminango	Taminango	Político-administrativo	Municipio		
narino	tangua	Tangua	Político-administrativo	Municipio		
narino	san-andres-de-tumaco	San Andrés de Tumaco	Político-administrativo	Municipio		
narino	tuquerres	Túquerres	Político-administrativo	Municipio		
narino	yacuanquer	Yacuanquer	Político-administrativo	Municipio		
norte-santander	san-jose-de-cucuta	San José de Cúcuta	Político-administrativo	Municipio		
norte-santander	abrego	Ábrego	Político-administrativo	Municipio		
norte-santander	arboledas	Arboledas	Político-administrativo	Municipio		
norte-santander	bochalema	Bochalema	Político-administrativo	Municipio		
norte-santander	bucarasica	Bucarasica	Político-administrativo	Municipio		
norte-santander	cacota	Cácota	Político-administrativo	Municipio		
norte-santander	cachira	Cáchira	Político-administrativo	Municipio		
norte-santander	chinacota	Chinácota	Político-administrativo	Municipio		
norte-santander	chitaga	Chitagá	Político-administrativo	Municipio		
norte-santander	convencion	Convención	Político-administrativo	Municipio		
norte-santander	cucutilla	Cucutilla	Político-administrativo	Municipio		
norte-santander	durania	Durania	Político-administrativo	Municipio		
norte-santander	el-carmen	El Carmen	Político-administrativo	Municipio		
norte-santander	el-tarra	El Tarra	Político-administrativo	Municipio		
norte-santander	el-zulia	El Zulia	Político-administrativo	Municipio		
norte-santander	gramalote	Gramalote	Político-administrativo	Municipio		
norte-santander	hacari	Hacarí	Político-administrativo	Municipio		
norte-santander	herran	Herrán	Político-administrativo	Municipio		
norte-santander	labateca	Labateca	Político-administrativo	Municipio		
norte-santander	la-esperanza	La Esperanza	Político-administrativo	Municipio		
norte-santander	la-playa	La Playa	Político-administrativo	Municipio		
norte-santander	los-patios	Los Patios	Político-administrativo	Municipio		
norte-santander	lourdes	Lourdes	Político-administrativo	Municipio		
norte-santander	mutiscua	Mutiscua	Político-administrativo	Municipio		
norte-santander	ocana	Ocaña	Político-administrativo	Municipio		
norte-santander	pamplona	Pamplona	Político-administrativo	Municipio		
norte-santander	pamplonita	Pamplonita	Político-administrativo	Municipio		
norte-santander	puerto-santander-nsa	Puerto Santander	Político-administrativo	Municipio		
norte-santander	ragonvalia	Ragonvalia	Político-administrativo	Municipio		
norte-santander	salazar	Salazar	Político-administrativo	Municipio		
norte-santander	san-calixto	San Calixto	Político-administrativo	Municipio		
norte-santander	san-cayetano-nsa	San Cayetano	Político-administrativo	Municipio		
norte-santander	santiago-nsa	Santiago	Político-administrativo	Municipio		
norte-santander	sardinata	Sardinata	Político-administrativo	Municipio		
norte-santander	silos	Silos	Político-administrativo	Municipio		
norte-santander	teorama	Teorama	Político-administrativo	Municipio		
norte-santander	tibu	Tibú	Político-administrativo	Municipio		
norte-santander	toledo-nsa	Toledo	Político-administrativo	Municipio		
norte-santander	villa-caro	Villa Caro	Político-administrativo	Municipio		
norte-santander	villa-del-rosario	Villa del Rosario	Político-administrativo	Municipio		
putumayo	mocoa	Mocoa	Político-administrativo	Municipio		
putumayo	colon-put	Colón	Político-administrativo	Municipio		
putumayo	orito	Orito	Político-administrativo	Municipio		
putumayo	puerto-asis	Puerto Asís	Político-administrativo	Municipio		
putumayo	puerto-caicedo	Puerto Caicedo	Político-administrativo	Municipio		
putumayo	puerto-guzman	Puerto Guzmán	Político-administrativo	Municipio		
putumayo	puerto-leguizamo	Puerto Leguízamo	Político-administrativo	Municipio		
putumayo	sibundoy	Sibundoy	Político-administrativo	Municipio		
putumayo	san-francisco-put	San Francisco	Político-administrativo	Municipio		
putumayo	san-miguel-put	San Miguel	Político-administrativo	Municipio		
putumayo	santiago-put	Santiago	Político-administrativo	Municipio		
putumayo	valle-del-guamuez	Valle del Guamuez	Político-administrativo	Municipio		
putumayo	villagarzon	Villagarzón	Político-administrativo	Municipio		
quindio	armenia-qui	Armenia	Político-administrativo	Municipio		
quindio	buenavista-qui	Buenavista	Político-administrativo	Municipio		
quindio	calarca	Calarcá	Político-administrativo	Municipio		
quindio	circasia	Circasia	Político-administrativo	Municipio		
quindio	cordoba-qui	Córdoba	Político-administrativo	Municipio		
quindio	filandia	Filandia	Político-administrativo	Municipio		
quindio	genova	Génova	Político-administrativo	Municipio		
quindio	la-tebaida	La Tebaida	Político-administrativo	Municipio		
quindio	montenegro	Montenegro	Político-administrativo	Municipio		
quindio	pijao	Pijao	Político-administrativo	Municipio		
quindio	quimbaya	Quimbaya	Político-administrativo	Municipio		
quindio	salento	Salento	Político-administrativo	Municipio		
risaralda	pereira	Pereira	Político-administrativo	Municipio		
risaralda	apia	Apía	Político-administrativo	Municipio		
risaralda	balboa-ris	Balboa	Político-administrativo	Municipio		
risaralda	belen-de-umbria	Belén de Umbría	Político-administrativo	Municipio		
risaralda	dosquebradas	Dosquebradas	Político-administrativo	Municipio		
risaralda	guatica	Guática	Político-administrativo	Municipio		
risaralda	la-celia	La Celia	Político-administrativo	Municipio		
risaralda	la-virginia	La Virginia	Político-administrativo	Municipio		
risaralda	marsella	Marsella	Político-administrativo	Municipio		
risaralda	mistrato	Mistrató	Político-administrativo	Municipio		
risaralda	pueblo-rico	Pueblo Rico	Político-administrativo	Municipio		
risaralda	quinchia	Quinchía	Político-administrativo	Municipio		
risaralda	santa-rosa-de-cabal	Santa Rosa de Cabal	Político-administrativo	Municipio		
risaralda	santuario	Santuario	Político-administrativo	Municipio		
santander	bucaramanga	Bucaramanga	Político-administrativo	Municipio		
santander	aguada	Aguada	Político-administrativo	Municipio		
santander	albania-san	Albania	Político-administrativo	Municipio		
santander	aratoca	Aratoca	Político-administrativo	Municipio		
santander	barbosa-san	Barbosa	Político-administrativo	Municipio		
santander	barichara	Barichara	Político-administrativo	Municipio		
santander	barrancabermeja	Barrancabermeja	Político-administrativo	Municipio		
santander	betulia-san	Betulia	Político-administrativo	Municipio		
santander	bolivar-san	Bolívar	Político-administrativo	Municipio		
santander	cabrera-san	Cabrera	Político-administrativo	Municipio		
santander	california	California	Político-administrativo	Municipio		
santander	capitanejo	Capitanejo	Político-administrativo	Municipio		
santander	carcasi	Carcasí	Político-administrativo	Municipio		
santander	cepita	Cepitá	Político-administrativo	Municipio		
santander	cerrito	Cerrito	Político-administrativo	Municipio		
santander	charala	Charalá	Político-administrativo	Municipio		
santander	charta	Charta	Político-administrativo	Municipio		
santander	chima-san	Chima	Político-administrativo	Municipio		
santander	chipata	Chipatá	Político-administrativo	Municipio		
santander	cimitarra	Cimitarra	Político-administrativo	Municipio		
santander	concepcion-san	Concepción	Político-administrativo	Municipio		
santander	confines	Confines	Político-administrativo	Municipio		
santander	contratacion	Contratación	Político-administrativo	Municipio		
santander	coromoro	Coromoro	Político-administrativo	Municipio		
santander	curiti	Curití	Político-administrativo	Municipio		
santander	el-carmen-de-chucuri	El Carmen de Chucurí	Político-administrativo	Municipio		
santander	el-guacamayo	El Guacamayo	Político-administrativo	Municipio		
santander	el-penon-san	El Peñón	Político-administrativo	Municipio		
santander	el-playon	El Playón	Político-administrativo	Municipio		
santander	encino	Encino	Político-administrativo	Municipio		
santander	enciso	Enciso	Político-administrativo	Municipio		
santander	florian	Florián	Político-administrativo	Municipio		
santander	floridablanca	Floridablanca	Político-administrativo	Municipio		
santander	galan	Galán	Político-administrativo	Municipio		
santander	gambita	Gámbita	Político-administrativo	Municipio		
santander	giron	Girón	Político-administrativo	Municipio		
santander	guaca	Guaca	Político-administrativo	Municipio		
santander	guadalupe-san	Guadalupe	Político-administrativo	Municipio		
santander	guapota	Guapotá	Político-administrativo	Municipio		
santander	guavata	Guavatá	Político-administrativo	Municipio		
santander	guepsa	Güepsa	Político-administrativo	Municipio		
santander	hato	Hato	Político-administrativo	Municipio		
santander	jesus-maria	Jesús María	Político-administrativo	Municipio		
santander	jordan	Jordán	Político-administrativo	Municipio		
santander	la-belleza	La Belleza	Político-administrativo	Municipio		
santander	landazuri	Landázuri	Político-administrativo	Municipio		
santander	la-paz-san	La Paz	Político-administrativo	Municipio		
santander	lebrija	Lebrija	Político-administrativo	Municipio		
santander	los-santos	Los Santos	Político-administrativo	Municipio		
santander	macaravita	Macaravita	Político-administrativo	Municipio		
santander	malaga	Málaga	Político-administrativo	Municipio		
santander	matanza	Matanza	Político-administrativo	Municipio		
santander	mogotes	Mogotes	Político-administrativo	Municipio		
santander	molagavita	Molagavita	Político-administrativo	Municipio		
santander	ocamonte	Ocamonte	Político-administrativo	Municipio		
santander	oiba	Oiba	Político-administrativo	Municipio		
santander	onzaga	Onzaga	Político-administrativo	Municipio		
santander	palmar	Palmar	Político-administrativo	Municipio		
santander	palmas-del-socorro	Palmas del Socorro	Político-administrativo	Municipio		
santander	paramo	Páramo	Político-administrativo	Municipio		
santander	piedecuesta	Piedecuesta	Político-administrativo	Municipio		
santander	pinchote	Pinchote	Político-administrativo	Municipio		
santander	puente-nacional	Puente Nacional	Político-administrativo	Municipio		
santander	puerto-parra	Puerto Parra	Político-administrativo	Municipio		
santander	puerto-wilches	Puerto Wilches	Político-administrativo	Municipio		
santander	rionegro-san	Rionegro	Político-administrativo	Municipio		
santander	sabana-de-torres	Sabana de Torres	Político-administrativo	Municipio		
santander	san-andres-san	San Andrés	Político-administrativo	Municipio		
santander	san-benito	San Benito	Político-administrativo	Municipio		
santander	san-gil	San Gil	Político-administrativo	Municipio		
santander	san-joaquin	San Joaquín	Político-administrativo	Municipio		
santander	san-jose-de-miranda	San José de Miranda	Político-administrativo	Municipio		
santander	san-miguel-san	San Miguel	Político-administrativo	Municipio		
santander	san-vicente-de-chucuri	San Vicente de Chucurí	Político-administrativo	Municipio		
santander	santa-barbara-san	Santa Bárbara	Político-administrativo	Municipio		
santander	santa-helena-del-opon	Santa Helena del Opón	Político-administrativo	Municipio		
santander	simacota	Simacota	Político-administrativo	Municipio		
santander	socorro	Socorro	Político-administrativo	Municipio		
santander	suaita	Suaita	Político-administrativo	Municipio		
santander	sucre-san	Sucre	Político-administrativo	Municipio		
santander	surata	Suratá	Político-administrativo	Municipio		
santander	tona	Tona	Político-administrativo	Municipio		
santander	valle-de-san-jose	Valle de San José	Político-administrativo	Municipio		
santander	velez	Vélez	Político-administrativo	Municipio		
santander	vetas	Vetas	Político-administrativo	Municipio		
santander	villanueva-san	Villanueva	Político-administrativo	Municipio		
santander	zapatoca	Zapatoca	Político-administrativo	Municipio		
sucre	sincelejo	Sincelejo	Político-administrativo	Municipio		
sucre	buenavista-suc	Buenavista	Político-administrativo	Municipio		
sucre	caimito	Caimito	Político-administrativo	Municipio		
sucre	coloso	Colosó	Político-administrativo	Municipio		
sucre	corozal	Corozal	Político-administrativo	Municipio		
sucre	covenas	Coveñas	Político-administrativo	Municipio		
sucre	chalan	Chalán	Político-administrativo	Municipio		
sucre	el-roble	El Roble	Político-administrativo	Municipio		
sucre	galeras	Galeras	Político-administrativo	Municipio		
sucre	guaranda	Guaranda	Político-administrativo	Municipio		
sucre	la-union-suc	La Unión	Político-administrativo	Municipio		
sucre	los-palmitos	Los Palmitos	Político-administrativo	Municipio		
sucre	majagual	Majagual	Político-administrativo	Municipio		
sucre	morroa	Morroa	Político-administrativo	Municipio		
sucre	ovejas	Ovejas	Político-administrativo	Municipio		
sucre	palmito	Palmito	Político-administrativo	Municipio		
sucre	sampues	Sampués	Político-administrativo	Municipio		
sucre	san-benito-abad	San Benito Abad	Político-administrativo	Municipio		
sucre	san-juan-de-betulia	San Juan de Betulia	Político-administrativo	Municipio		
sucre	san-marcos	San Marcos	Político-administrativo	Municipio		
sucre	san-onofre	San Onofre	Político-administrativo	Municipio		
sucre	san-pedro-suc	San Pedro	Político-administrativo	Municipio		
sucre	san-luis-de-since	San Luis de Sincé	Político-administrativo	Municipio		
sucre	sucre-suc	Sucre	Político-administrativo	Municipio		
sucre	santiago-de-tolu	Santiago de Tolú	Político-administrativo	Municipio		
sucre	san-jose-de-toluviejo	San José de Toluviejo	Político-administrativo	Municipio		
tolima	ibague	Ibagué	Político-administrativo	Municipio		
tolima	alpujarra	Alpujarra	Político-administrativo	Municipio		
tolima	alvarado	Alvarado	Político-administrativo	Municipio		
tolima	ambalema	Ambalema	Político-administrativo	Municipio		
tolima	anzoategui	Anzoátegui	Político-administrativo	Municipio		
tolima	armero	Armero	Político-administrativo	Municipio		
tolima	ataco	Ataco	Político-administrativo	Municipio		
tolima	cajamarca	Cajamarca	Político-administrativo	Municipio		
tolima	carmen-de-apicala	Carmen de Apicalá	Político-administrativo	Municipio		
tolima	casabianca	Casabianca	Político-administrativo	Municipio		
tolima	chaparral	Chaparral	Político-administrativo	Municipio		
tolima	coello	Coello	Político-administrativo	Municipio		
tolima	coyaima	Coyaima	Político-administrativo	Municipio		
tolima	cunday	Cunday	Político-administrativo	Municipio		
tolima	dolores	Dolores	Político-administrativo	Municipio		
tolima	espinal	Espinal	Político-administrativo	Municipio		
tolima	falan	Falan	Político-administrativo	Municipio		
tolima	flandes	Flandes	Político-administrativo	Municipio		
tolima	fresno	Fresno	Político-administrativo	Municipio		
tolima	guamo	Guamo	Político-administrativo	Municipio		
tolima	herveo	Herveo	Político-administrativo	Municipio		
tolima	honda	Honda	Político-administrativo	Municipio		
tolima	icononzo	Icononzo	Político-administrativo	Municipio		
tolima	lerida	Lérida	Político-administrativo	Municipio		
tolima	libano	Líbano	Político-administrativo	Municipio		
tolima	san-sebastian-de-mariquita	San Sebastián de Mariquita	Político-administrativo	Municipio		
tolima	melgar	Melgar	Político-administrativo	Municipio		
tolima	murillo	Murillo	Político-administrativo	Municipio		
tolima	natagaima	Natagaima	Político-administrativo	Municipio		
tolima	ortega	Ortega	Político-administrativo	Municipio		
tolima	palocabildo	Palocabildo	Político-administrativo	Municipio		
tolima	piedras	Piedras	Político-administrativo	Municipio		
tolima	planadas	Planadas	Político-administrativo	Municipio		
tolima	prado	Prado	Político-administrativo	Municipio		
tolima	purificacion	Purificación	Político-administrativo	Municipio		
tolima	rioblanco	Rioblanco	Político-administrativo	Municipio		
tolima	roncesvalles	Roncesvalles	Político-administrativo	Municipio		
tolima	rovira	Rovira	Político-administrativo	Municipio		
tolima	saldana	Saldaña	Político-administrativo	Municipio		
tolima	san-antonio	San Antonio	Político-administrativo	Municipio		
tolima	san-luis-tol	San Luis	Político-administrativo	Municipio		
tolima	santa-isabel	Santa Isabel	Político-administrativo	Municipio		
tolima	suarez-tol	Suárez	Político-administrativo	Municipio		
tolima	valle-de-san-juan	Valle de San Juan	Político-administrativo	Municipio		
tolima	venadillo	Venadillo	Político-administrativo	Municipio		
tolima	villahermosa	Villahermosa	Político-administrativo	Municipio		
tolima	villarrica	Villarrica	Político-administrativo	Municipio		
valle-del-cauca	cali	Cali	Político-administrativo	Municipio		
valle-del-cauca	alcala	Alcalá	Político-administrativo	Municipio		
valle-del-cauca	andalucia	Andalucía	Político-administrativo	Municipio		
valle-del-cauca	ansermanuevo	Ansermanuevo	Político-administrativo	Municipio		
valle-del-cauca	argelia-vac	Argelia	Político-administrativo	Municipio		
valle-del-cauca	bolivar-vac	Bolívar	Político-administrativo	Municipio		
valle-del-cauca	buenaventura	Buenaventura	Político-administrativo	Municipio		
valle-del-cauca	guadalajara-de-buga	Guadalajara de Buga	Político-administrativo	Municipio		
valle-del-cauca	bugalagrande	Bugalagrande	Político-administrativo	Municipio		
valle-del-cauca	caicedonia	Caicedonia	Político-administrativo	Municipio		
valle-del-cauca	calima	Calima	Político-administrativo	Municipio		
valle-del-cauca	candelaria-vac	Candelaria	Político-administrativo	Municipio		
valle-del-cauca	cartago	Cartago	Político-administrativo	Municipio		
valle-del-cauca	dagua	Dagua	Político-administrativo	Municipio		
valle-del-cauca	el-aguila	El Águila	Político-administrativo	Municipio		
valle-del-cauca	el-cairo	El Cairo	Político-administrativo	Municipio		
valle-del-cauca	el-cerrito	El Cerrito	Político-administrativo	Municipio		
valle-del-cauca	el-dovio	El Dovio	Político-administrativo	Municipio		
valle-del-cauca	florida	Florida	Político-administrativo	Municipio		
valle-del-cauca	ginebra	Ginebra	Político-administrativo	Municipio		
valle-del-cauca	guacari	Guacarí	Político-administrativo	Municipio		
valle-del-cauca	jamundi	Jamundí	Político-administrativo	Municipio		
valle-del-cauca	la-cumbre	La Cumbre	Político-administrativo	Municipio		
valle-del-cauca	la-union-vac	La Unión	Político-administrativo	Municipio		
valle-del-cauca	la-victoria-vac	La Victoria	Político-administrativo	Municipio		
valle-del-cauca	obando	Obando	Político-administrativo	Municipio		
valle-del-cauca	palmira	Palmira	Político-administrativo	Municipio		
valle-del-cauca	pradera	Pradera	Político-administrativo	Municipio		
valle-del-cauca	restrepo-vac	Restrepo	Político-administrativo	Municipio		
valle-del-cauca	riofrio	Riofrío	Político-administrativo	Municipio		
valle-del-cauca	roldanillo	Roldanillo	Político-administrativo	Municipio		
valle-del-cauca	san-pedro-vac	San Pedro	Político-administrativo	Municipio		
valle-del-cauca	sevilla	Sevilla	Político-administrativo	Municipio		
valle-del-cauca	toro	Toro	Político-administrativo	Municipio		
valle-del-cauca	trujillo	Trujillo	Político-administrativo	Municipio		
valle-del-cauca	tulua	Tuluá	Político-administrativo	Municipio		
valle-del-cauca	ulloa	Ulloa	Político-administrativo	Municipio		
valle-del-cauca	versalles	Versalles	Político-administrativo	Municipio		
valle-del-cauca	vijes	Vijes	Político-administrativo	Municipio		
valle-del-cauca	yotoco	Yotoco	Político-administrativo	Municipio		
valle-del-cauca	yumbo	Yumbo	Político-administrativo	Municipio		
valle-del-cauca	zarzal	Zarzal	Político-administrativo	Municipio		
vaupes	mitu	Mitú	Político-administrativo	Municipio		
vaupes	caruru	Carurú	Político-administrativo	Municipio		
vaupes	pacoa	Pacoa	Político-administrativo	Municipio		
vaupes	papunahua	Papunahua	Político-administrativo	Municipio		
vaupes	yavarate	Yavaraté	Político-administrativo	Municipio		
vaupes	taraira	Taraira	Político-administrativo	Municipio		
vichada	puerto-carreno	Puerto Carreño	Político-administrativo	Municipio		
vichada	la-primavera	La Primavera	Político-administrativo	Municipio		
vichada	santa-rosalia	Santa Rosalía	Político-administrativo	Municipio		
vichada	cumaribo	Cumaribo	Político-administrativo	Municipio		
