slug_region	slug_grupo_biologico	especies_region_total	especies_amenazadas_nacional_total	especies_amenazadas_nacional_cr	especies_amenazadas_nacional_en	especies_amenazadas_nacional_vu	especies_cites_total	especies_cites_i	especies_cites_ii	especies_cites_i_ii	especies_cites_iii	especies_endemicas	especies_migratorias	especies_exoticas_total	especies_exoticas	especies_invasoras	especies_exoticas_riesgo_invasion	especies_amenazadas_global_total	especies_amenazadas_global_ex	especies_amenazadas_global_ew	especies_amenazadas_global_cr	especies_amenazadas_global_en	especies_amenazadas_global_vu	especies_amenazadas_global_nt	especies_amenazadas_global_lr_nt	especies_amenazadas_global_lc	especies_amenazadas_global_lr_lc	especies_amenazadas_global_dd	registros_region_total	registros_amenazadas_nacional_total	registros_amenazadas_nacional_cr	registros_amenazadas_nacional_en	registros_amenazadas_nacional_vu	registros_cites_total	registros_cites_i	registros_cites_ii	registros_cites_i_ii	registros_cites_iii	registros_endemicas	registros_exoticas_total	registros_exoticas	registros_invasoras	registros_migratorias	registros_amenazadas_global_total	registros_amenazadas_global_ex	registros_amenazadas_global_ew	registros_amenazadas_global_cr	registros_amenazadas_global_en	registros_amenazadas_global_vu	registros_amenazadas_global_nt	registros_amenazadas_global_lr_nt	registros_amenazadas_global_lc	registros_amenazadas_global_lr_lc	registros_amenazadas_global_dd	especies_continentales	especies_marinas	especies_salobres	registros_continentales	registros_marinos	registros_salobres	registros_exoticas_riesgo_invasion	especie_continentales_amenazadas_nacional_total	especies_continentales_amenazadas_nacional_cr	especies_continentales_amenazadas_nacional_en	especies_continentales_amenazadas_nacional_vu	especies_continentales_cites_total	especies_continentales_cites_i	especies_continentales_cites_i_ii	especies_continentales_cites_ii	especies_continentales_cites_iii	especies_continentales_endemicas	especies_continentales_exoticas_total	especies_continentales_exoticas	especies_continentales_migratorias	especies_continentales_invasoras	especies_continentales_exoticas_riesgo_invasion	especies_continentales_amenazadas_global_total	especies_continentales_amenazadas_global_ex	especies_continentales_amenazadas_global_ew	especies_continentales_amenazadas_global_cr	especies_continentales_amenazadas_global_en	especies_continentales_amenazadas_global_vu	especies_continentales_amenazadas_global_nt	especies_continentales_amenazadas_global_lc	especies_continentales_amenazadas_global_dd	especies_continentales_amenazadas_global_lr_lc	especies_continentales_amenazadas_global_lr_nt	registros_continentales_amenazadas_nacional_total	registros_continentales_amenazadas_nacional_cr	registros_continentales_amenazadas_nacional_en	registros_continentales_amenazadas_nacional_vu	registros_continentales_cites_total	registros_continentales_cites_i	registros_continentales_cites_i_ii	registros_continentales_cites_ii	registros_continentales_cites_iii	registros_continentales_endemicas	registros_continentales_exoticas_total	registros_continentales_exoticas	registros_continentales_migratorias	registros_continentales_invasoras	registros_continentales_exoticas_riesgo_invasion	registros_continentales_amenazadas_global_total	registros_continentales_amenazadas_global_ex	registros_continentales_amenazadas_global_ew	registros_continentales_amenazadas_global_cr	registros_continentales_amenazadas_global_en	registros_continentales_amenazadas_global_vu	registros_continentales_amenazadas_global_nt	registros_continentales_amenazadas_global_lc	registros_continentales_amenazadas_global_dd	registros_continentales_amenazadas_global_lr_lc	registros_continentales_amenazadas_global_lr_nt	especies_marinas_amenazadas_nacional_total	especies_marinas_amenazadas_nacional_en	especies_marinas_amenazadas_nacional_cr	especies_marinas_amenazadas_nacional_vu	especies_marinas_cites_total	especies_marinas_cites_i	especies_marinas_cites_i_ii	especies_marinas_cites_ii	especies_marinas_cites_iii	especies_marinas_endemicas	especies_marinas_exoticas_total	especies_marinas_exoticas	especies_marinas_migratorias	especies_marinas_invasoras	especies_marinas_exoticas_riesgo_invasion	especies_marinas_amenazadas_global_total	especies_marinas_amenazadas_global_ex	especies_marinas_amenazadas_global_ew	especies_marinas_amenazadas_global_cr	especies_marinas_amenazadas_global_en	especies_marinas_amenazadas_global_vu	especies_marinas_amenazadas_global_nt	especies_marinas_amenazadas_global_lc	especies_marinas_amenazadas_global_dd	especies_marinas_amenazadas_global_lr_lc	especies_marinas_amenazadas_global_lr_nt	registros_marinas_amenazadas_nacional_total	registros_marinas_amenazadas_nacional_cr	registros_marinas_amenazadas_nacional_en	registros_marinas_amenazadas_nacional_vu	registros_marinas_cites_total	registros_marinas_cites_i	registros_marinas_cites_i_ii	registros_marinas_cites_ii	registros_marinas_cites_iii	registros_marinas_endemicas	registros_marinas_exoticas_total	registros_marinas_exoticas	registros_marinas_migratorias	registros_marinas_invasoras	registros_marinas_exoticas_riesgo_invasion	registros_marinas_amenazadas_global_total	registros_marinas_amenazadas_global_ex	registros_marinas_amenazadas_global_ew	registros_marinas_amenazadas_global_cr	registros_marinas_amenazadas_global_en	registros_marinas_amenazadas_global_vu	registros_marinas_amenazadas_global_nt	registros_marinas_amenazadas_global_lc	registros_marinas_amenazadas_global_dd	registros_marinas_amenazadas_global_lr_lc	registros_marinas_amenazadas_global_lr_nt	especies_salobres_amenazadas_nacional_total	especies_salobres_amenazadas_nacional_cr	especies_salobres_amenazadas_nacional_en	especies_salobres_amenazadas_nacional_vu	especies_salobres_cites_total	especies_salobres_cites_i	especies_salobres_cites_i_ii	especies_salobres_cites_ii	especies_salobres_cites_iii	especies_salobres_endemicas	especies_salobres_exoticas_total	especies_salobres_exoticas	especies_salobres_migratorias	especies_salobres_invasoras	especies_salobres_exoticas_riesgo_invasion	especies_salobres_amenazadas_global_total	especies_salobres_amenazadas_global_ex	especies_salobres_amenazadas_global_ew	especies_salobres_amenazadas_global_cr	especies_salobres_amenazadas_global_en	especies_salobres_amenazadas_global_vu	especies_salobres_amenazadas_global_nt	especies_salobres_amenazadas_global_lc	especies_salobres_amenazadas_global_dd	especies_salobres_amenazadas_global_lr_lc	especies_salobres_amenazadas_global_lr_nt	registros_salobres_amenazadas_nacional_total	registros_salobres_amenazadas_nacional_cr	registros_salobres_amenazadas_nacional_en	registros_salobres_amenazadas_nacional_vu	registros_salobres_cites_total	registros_salobres_cites_i	registros_salobres_cites_i_ii	registros_salobres_cites_ii	registros_salobres_cites_iii	registros_salobres_endemicas	registros_salobres_exoticas_total	registros_salobres_exoticas	registros_salobres_migratorias	registros_salobres_invasoras	registros_salobres_exoticas_riesgo_invasion	registros_salobres_amenazadas_global_total	registros_salobres_amenazadas_global_ex	registros_salobres_amenazadas_global_ew	registros_salobres_amenazadas_global_cr	registros_salobres_amenazadas_global_en	registros_salobres_amenazadas_global_vu	registros_salobres_amenazadas_global_nt	registros_salobres_amenazadas_global_lc	registros_salobres_amenazadas_global_dd	registros_salobres_amenazadas_global_lr_lc	registros_salobres_amenazadas_global_lr_nt
boyaca	algas	7	0	0	0	0	0	0	0		0	0	0		0	0		0	0	0	0	0	0	0		1		0	354	0	0	0	0	0	0	0		0	0		0	0	0	0	0	0	0	0	0	0		3		0																																																																																																																																																																			
boyaca	bromelias-labiadas-pasifloras	264	31	4	15	12	0	0	0		0	56	0		3	0		12	0	0	5	3	4	0		30		0	3619	318	16	166	136	0	0	0		0	1730		5	0	0	72	0	0	18	19	35	0		1259		0																																																																																																																																																																			
boyaca	especies-maderables	6	6	3	1	2	1	0	1		0	0	0		0	0		3	0	0	0	1	2	0		2		0	641	641	12	4	625	1	0	1		0	0		0	0	0	14	0	0	0	4	10	0		625		0																																																																																																																																																																			
boyaca	fanerogamas	18	3	1	1	1	0	0	0		0	1	0		0	0		0	0	0	0	0	0	0		9		0	92	5	2	1	2	0	0	0		0	1		0	0	0	0	0	0	0	0	0	0		28		0																																																																																																																																																																			
boyaca	frailejones	53	16	2	8	6	0	0	0		0	36	0		0	0		27	0	0	8	11	8	1		9		0	5698	1302	86	899	317	0	0	0		0	3827		0	0	0	1490	0	0	138	1004	348	98		2241		0																																																																																																																																																																			
boyaca	liquenes	304	0	0	0	0	0	0	0		0	7	0		0	0		0	0	0	0	0	0	0		2		0	2254	0	0	0	0	0	0	0		0	17		0	0	0	0	0	0	0	0	0	0		3		0																																																																																																																																																																			
boyaca	magnolias-afines	11	7	1	3	3	0	0	0		0	4	0		0	0		6	0	0	1	3	2	1		4		0	149	86	1	21	64	0	0	0		0	22		0	0	0	47	0	0	1	21	25	2		77		0																																																																																																																																																																			
boyaca	orquideas	450	24	1	5	18	232	1	231		0	81	0		1	0		0	0	0	0	0	0	0		16		0	2956	170	4	40	126	1065	3	1062		0	380		4	0	0	0	0	0	0	0	0	0		54		0																																																																																																																																																																			
boyaca	palmas	34	10	1	6	3	0	0	0		0	4	0		0	0		4	0	0	1	1	2	0		1		0	561	62	1	55	6	0	0	0		0	14		0	0	0	23	0	0	1	1	21	0		65		0																																																																																																																																																																			
boyaca	pinos-afines	3	0	0	0	0	0	0	0		0	0	0		2	0		0	0	0	0	0	0	0		0		0	33	0	0	0	0	0	0	0		0	0		23	0	0	0	0	0	0	0	0	0		0		0																																																																																																																																																																			
boyaca	zamias	1	1	0	1	0	1	0	1		0	0	0		0	0		0	0	0	0	0	0	1		0		0	2	1	0	1	0	1	0	1		0	0		0	0	0	0	0	0	0	0	0	1		0		0																																																																																																																																																																			
colombia	algas	430	0	0	0	0	0	0	0	0	0	0	0		1	0	0	0	0	0	0	0	0	0	0	2	0	0	38433	0	0	0	0	0	0	0	0	0	0		2	0	0	0	0	0	0	0	0	0	0	10	0	0	342	180	7	29118	24244	18847	0	0	0	0	0	0	0	0	0	0	0		1	0	0	0	0	0	0	0	0	0	0	2	0	0	0	0	0	0	0	0	0	0	0	0	0		2	0	0	0	0	0	0	0	0	0	0	10	0	0	0	0	0	0	0	0	0	0	0	0	0		0	0	0	0	0	0	0	0	0	0	0	0	0	0	0	0	0	0	0	0	0	0	0	0	0		0	0	0	0	0	0	0	0	0	0	0	0	0	0	0	0	0	0	0	0	0	0	0	0	0		0	0	0	0	0	0	0	0	0	0	0	0	0	0	0	0	0	0	0	0	0	0	0	0	0		0	0	0	0	0	0	0	0	0	0	0	0	0	0	0
colombia	bromelias-labiadas-pasifloras	1269	222	43	83	96	0	0	0	0	0	296	0		4	0	0	38	0	0	11	17	10	1	0	88	0	5	64151	3539	465	1212	1862	0	0	0	0	0	10700		340	0	0	1005	0	0	165	175	665	27	0	8917	0	24	1268	0	0	64066	0	0	0	222	43	83	96	0	0	0	0	0	296		4	0	0	0	38	0	0	11	17	10	1	88	5	0	0	3538	465	1212	1861	0	0	0	0	0	10697		340	0	0	0	1005	0	0	165	175	665	27	8906	24	0	0	0	0	0	0	0	0	0	0	0	0		0	0	0	0	0	0	0	0	0	0	0	0	0	0	0	0	0	0	0	0	0	0	0	0	0		0	0	0	0	0	0	0	0	0	0	0	0	0	0	0	0	0	0	0	0	0	0	0	0	0		0	0	0	0	0	0	0	0	0	0	0	0	0	0	0	0	0	0	0	0	0	0	0	0	0		0	0	0	0	0	0	0	0	0	0	0	0	0	0	0
colombia	especies-maderables	28	26	8	11	7	4	0	3	0	1	9	0		0	0	0	15	0	0	1	9	5	0	1	4	0	0	13123	12859	1481	2395	8983	295	0	192	0	103	389		0	0	0	3276	0	0	35	1741	1500	0	180	8737	0	0	28	0	0	13049	0	0	0	26	8	11	7	4	0	0	3	1	9		0	0	0	0	15	0	0	1	9	5	0	4	0	0	1	12785	1478	2335	8972	281	0	0	189	92	389		0	0	0	0	3215	0	0	35	1737	1443	0	8737	0	0	180	0	0	0	0	0	0	0	0	0	0		0	0	0	0	0	0	0	0	0	0	0	0	0	0	0	0	0	0	0	0	0	0	0	0	0		0	0	0	0	0	0	0	0	0	0	0	0	0	0	0	0	0	0	0	0	0	0	0	0	0		0	0	0	0	0	0	0	0	0	0	0	0	0	0	0	0	0	0	0	0	0	0	0	0	0		0	0	0	0	0	0	0	0	0	0	0	0	0	0	0
colombia	fanerogamas	313	72	11	28	33	0	0	0	0	0	42	0		1	0	0	26	0	0	1	7	18	0	3	76	3	1	26427	2366	312	1391	663	0	0	0	0	0	1831		28	0	0	926	0	0	3	82	841	0	363	12930	558	22	313	0	0	26344	5	901	0	72	11	28	33	0	0	0	0	0	42		1	0	0	0	26	0	0	1	7	18	0	76	1	3	3	2356	311	1386	659	0	0	0	0	0	1820		28	0	0	0	897	0	0	2	82	813	0	12915	22	556	363	0	0	0	0	0	0	0	0	0	0		0	0	0	0	0	0	0	0	0	0	0	0	0	0	0	0	0	0	0	0	0	0	0	0	0		0	0	0	0	0	0	0	0	0	0	0	0	0	0	0	0	0	0	0	0	0	0	0	0	0		0	0	0	0	0	0	0	0	0	0	0	0	0	0	0	0	0	0	0	0	0	0	0	0	0		0	0	0	0	0	0	0	0	0	0	0	0	0	0	0
colombia	frailejones	102	29	6	13	10	0	0	0	0	0	53	0		0	0	0	41	0	0	11	18	12	2	0	16	0	4	23033	2815	385	1743	687	0	0	0	0	0	15035		0	0	0	3009	0	0	236	1666	1107	555	0	14245	0	27	102	0	0	23033	0	0	0	29	6	13	10	0	0	0	0	0	53		0	0	0	0	41	0	0	11	18	12	2	16	4	0	0	2815	385	1743	687	0	0	0	0	0	15035		0	0	0	0	3009	0	0	236	1666	1107	555	14245	27	0	0	0	0	0	0	0	0	0	0	0	0		0	0	0	0	0	0	0	0	0	0	0	0	0	0	0	0	0	0	0	0	0	0	0	0	0		0	0	0	0	0	0	0	0	0	0	0	0	0	0	0	0	0	0	0	0	0	0	0	0	0		0	0	0	0	0	0	0	0	0	0	0	0	0	0	0	0	0	0	0	0	0	0	0	0	0		0	0	0	0	0	0	0	0	0	0	0	0	0	0	0
colombia	liquenes	1803	0	0	0	0	0	0	0	0	0	106	0		0	0	0	0	0	0	0	0	0	0	0	2	0	0	76608	0	0	0	0	0	0	0	0	0	873		0	0	0	0	0	0	0	0	0	0	0	42	0	0	1803	0	0	76602	0	0	0	0	0	0	0	0	0	0	0	0	106		0	0	0	0	0	0	0	0	0	0	0	2	0	0	0	0	0	0	0	0	0	0	0	0	873		0	0	0	0	0	0	0	0	0	0	0	42	0	0	0	0	0	0	0	0	0	0	0	0	0		0	0	0	0	0	0	0	0	0	0	0	0	0	0	0	0	0	0	0	0	0	0	0	0	0		0	0	0	0	0	0	0	0	0	0	0	0	0	0	0	0	0	0	0	0	0	0	0	0	0		0	0	0	0	0	0	0	0	0	0	0	0	0	0	0	0	0	0	0	0	0	0	0	0	0		0	0	0	0	0	0	0	0	0	0	0	0	0	0	0
colombia	magnolias-afines	138	45	15	20	10	0	0	0	0	0	38	0		0	0	0	36	0	0	13	20	3	2	0	41	0	0	19131	7067	251	783	6033	0	0	0	0	0	1382		0	0	0	1497	0	0	213	674	610	62	0	6754	0	0	137	1	0	19102	1	0	0	45	15	20	10	0	0	0	0	0	38		0	0	0	0	36	0	0	13	20	3	2	40	0	0	0	7059	250	783	6026	0	0	0	0	0	1375		0	0	0	0	1496	0	0	212	674	610	62	6739	0	0	0	0	0	0	0	0	0	0	0	0	0		0	0	0	0	0	0	0	0	0	0	0	1	0	0	0	0	0	0	0	0	0	0	0	0	0		0	0	0	0	0	0	0	0	0	0	0	1	0	0	0	0	0	0	0	0	0	0	0	0	0		0	0	0	0	0	0	0	0	0	0	0	0	0	0	0	0	0	0	0	0	0	0	0	0	0		0	0	0	0	0	0	0	0	0	0	0	0	0	0	0
colombia	mangles	7	1	0	1	0	0	0	0	0	0	0	0		0	0	0	2	0	0	0	0	2	0	0	4	0	0	1383	138	0	138	0	0	0	0	0	0	0		0	0	0	419	0	0	0	0	419	0	0	916	0	0	7	5	4	1015	238	453	0	1	0	1	0	0	0	0	0	0	0		0	0	0	0	2	0	0	0	0	2	0	4	0	0	0	83	0	83	0	0	0	0	0	0	0		0	0	0	0	173	0	0	0	0	173	0	795	0	0	0	0	0	0	0	0	0	0	0	0	0		0	0	0	0	1	0	0	0	0	1	0	3	0	0	0	0	0	0	0	0	0	0	0	0	0		0	0	0	0	191	0	0	0	0	191	0	46	0	0	0	0	0	0	0	0	0	0	0	0	0		0	0	0	0	0	0	0	0	0	0	0	3	0	0	0	0	0	0	0	0	0	0	0	0	0		0	0	0	0	0	0	0	0	0	0	0	420	0	0	0
colombia	orquideas	3922	192	6	61	125	1995	7	1988	0	0	1134	0		3	0	0	12	0	0	6	5	1	0	0	50	0	10	59180	2163	197	801	1165	21030	164	20866	0	0	7068		440	0	0	79	0	0	17	61	1	0	0	1277	0	26	3920	1	0	59104	3	0	0	192	6	61	125	1994	7	0	1987	0	1134		3	0	0	0	12	0	0	6	5	1	0	50	10	0	0	2163	197	801	1165	20997	161	0	20836	0	7060		440	0	0	0	77	0	0	17	59	1	0	1271	26	0	0	0	0	0	0	1	0	0	1	0	0		0	0	0	0	0	0	0	0	0	0	0	1	0	0	0	0	0	0	0	1	0	0	1	0	0		0	0	0	0	0	0	0	0	0	0	0	1	0	0	0	0	0	0	0	0	0	0	0	0	0		0	0	0	0	0	0	0	0	0	0	0	0	0	0	0	0	0	0	0	0	0	0	0	0	0		0	0	0	0	0	0	0	0	0	0	0	0	0	0	0
colombia	palmas	370	53	7	22	24	0	0	0	0	0	45	0		4	0	1	14	0	0	3	5	6	1	2	13	5	1	149833	11006	119	9010	1877	0	0	0	0	0	2615		397	0	0	7676	0	0	173	456	7047	31	284	5240	970	14	370	1	1	147092	9	216	147	53	7	22	24	0	0	0	0	0	45		4	0	0	1	14	0	0	3	5	6	1	13	1	5	2	11004	119	9008	1877	0	0	0	0	0	2615		397	0	0	147	7673	0	0	173	456	7044	31	5240	14	970	282	0	0	0	0	0	0	0	0	0	0		1	0	0	0	0	0	0	0	0	0	0	0	0	0	0	0	0	0	0	0	0	0	0	0	0		8	0	0	0	0	0	0	0	0	0	0	0	0	0	0	0	0	0	0	0	0	0	0	0	0		1	0	0	0	0	0	0	0	0	0	0	0	0	0	0	0	0	0	0	0	0	0	0	0	0		216	0	0	0	0	0	0	0	0	0	0	0	0	0	0
colombia	pastos-marinos	4	0	0	0	0	0	0	0	0	0	0	0		0	0	0	0	0	0	0	0	0	0	0	3	0	0	53	0	0	0	0	0	0	0	0	0	0		0	0	0	0	0	0	0	0	0	0	0	44	0	0	4	2	0	24	29	0	0	0	0	0	0	0	0	0	0	0	0		0	0	0	0	0	0	0	0	0	0	0	3	0	0	0	0	0	0	0	0	0	0	0	0	0		0	0	0	0	0	0	0	0	0	0	0	15	0	0	0	0	0	0	0	0	0	0	0	0	0		0	0	0	0	0	0	0	0	0	0	0	2	0	0	0	0	0	0	0	0	0	0	0	0	0		0	0	0	0	0	0	0	0	0	0	0	29	0	0	0	0	0	0	0	0	0	0	0	0	0		0	0	0	0	0	0	0	0	0	0	0	0	0	0	0	0	0	0	0	0	0	0	0	0	0		0	0	0	0	0	0	0	0	0	0	0	0	0	0	0
colombia	pinos-afines	63	0	0	0	0	0	0	0	0	0	0	0		8	0	3	0	0	0	0	0	0	0	0	3	0	0	20333	0	0	0	0	0	0	0	0	0	0		19235	0	0	0	0	0	0	0	0	0	0	152	0	0	63	0	0	20333	0	0	9493	0	0	0	0	0	0	0	0	0	0		8	0	0	3	0	0	0	0	0	0	0	3	0	0	0	0	0	0	0	0	0	0	0	0	0		19235	0	0	9493	0	0	0	0	0	0	0	152	0	0	0	0	0	0	0	0	0	0	0	0	0		0	0	0	0	0	0	0	0	0	0	0	0	0	0	0	0	0	0	0	0	0	0	0	0	0		0	0	0	0	0	0	0	0	0	0	0	0	0	0	0	0	0	0	0	0	0	0	0	0	0		0	0	0	0	0	0	0	0	0	0	0	0	0	0	0	0	0	0	0	0	0	0	0	0	0		0	0	0	0	0	0	0	0	0	0	0	0	0	0	0
colombia	zamias	30	21	8	9	4	22	1	21	0	0	11	0		0	0	0	8	0	0	6	1	1	9	0	0	0	1	956	848	147	505	196	844	23	821	0	0	485		0	0	0	483	0	0	152	30	301	320	0	0	0	10	30	0	0	955	0	0	0	21	8	9	4	22	1	0	21	0	11		0	0	0	0	8	0	0	6	1	1	9	0	1	0	0	847	146	505	196	843	23	0	820	0	484		0	0	0	0	482	0	0	151	30	301	320	0	10	0	0	0	0	0	0	0	0	0	0	0	0		0	0	0	0	0	0	0	0	0	0	0	0	0	0	0	0	0	0	0	0	0	0	0	0	0		0	0	0	0	0	0	0	0	0	0	0	0	0	0	0	0	0	0	0	0	0	0	0	0	0		0	0	0	0	0	0	0	0	0	0	0	0	0	0	0	0	0	0	0	0	0	0	0	0	0		0	0	0	0	0	0	0	0	0	0	0	0	0	0	0
narino	algas	11	0				0					0			0														1606	0				0					0		0																																																																																																																																																																																
narino	bromelias-labiadas-pasifloras	259	37	4	14	19	0	0	0		0	34	0		3	0		3		0	1	1	1	1		35		1	2343	244	7	49	188	0	0	0		0	319		8	0	0	184		0	2	1	181	3		498		2																																																																																																																																																																			
narino	especies-maderables	6	6	1	3	2	0	0	0		0	0	0		0	0		3		0	0	1	2	0		2		0	90	90	4	13	73	0	0	0		0	0		0	0	0	16		0	0	3	13	0		73		0																																																																																																																																																																			
narino	fanerogamas	26	8	0	4	4	0	0	0		0	4	0		0	0		4		0	0	1	3	0		10		0	5806	621	0	613	8	0	0	0		0	961		0	0	0	7		0	0	4	3	0		3893		0																																																																																																																																																																			
narino	frailejones	3	1	0	0	1	0	0	0		0	2	0		0	0		1		0	0	0	1	0		2		0	2113	102	0	0	102	0	0	0		0	110		0	0	0	102		0	0	0	102	0		1989		0																																																																																																																																																																			
narino	liquenes	387	0	0	0	0	0	0	0		0	1	0		0	0		0		0	0	0	0	0		0		0	1744	0	0	0	0	0	0	0		0	4		0	0	0	0		0	0	0	0	0		0		0																																																																																																																																																																			
narino	magnolias-afines	30	8	1	2	5	0	0	0		0	5	0		0	0		4		0	1	2	1	0		14		0	4814	4699	9	18	4672	0	0	0		0	28		0	0	0	30		0	9	18	3	0		39		0																																																																																																																																																																			
narino	orquideas	376	4	0	0	4	172	0	172		0	47	0		0	0		2		0	0	2	0	0		7		0	1737	7	0	0	7	570	0	570		0	71		0	0	0	2		0	0	2	0	0		23		0																																																																																																																																																																			
narino	palmas	56	6	0	5	1	0	0	0		0	3	0		0	0		2		0	0	1	1	1		3		0	37301	61	0	53	8	0	0	0		0	33		0	0	0	17		0	0	14	3	10		2640		0																																																																																																																																																																			
narino	pinos-afines	6	0	0	0	0	0	0	0		0	0	0		2	0		0		0	0	0	0	0		0		0	17	0	0	0	0	0	0	0		0	0		8	0	0	0		0	0	0	0	0		0		0																																																																																																																																																																			
narino	zamias	1	1	0	0	1	1	0	1		0	0	0		0	0		0		0	0	0	0	1		0		0	4	2	0	0	2	2	0	2		0	0		0	0	0	0		0	0	0	0	2		0		0																																																																																																																																																																			
santander	algas	30	0				0					0			0														1362	0				0					0		0																																																																																																																																																																																
santander	bromelias-labiadas-pasifloras	294	34	9	15	10	0	0	0	0	0	58	0		2	0		11		0	3	5	3	1		31		1	2503	149	17	95	37	0	0	0	0	0	347		7	0	0	110		0	7	22	81	2		204		3																																																																																																																																																																			
santander	especies-maderables	15	14	5	5	4	1	0	1	0	0	4	0		0	0		8		0	1	4	3	0		3		0	1272	1250	395	359	496	1	0	1	0	0	34		0	0	0	664		0	1	284	379	0		477		0																																																																																																																																																																			
santander	fanerogamas	59	17	2	7	8	0	0	0	0	0	9	0		1	0		9		0	0	1	8	0		23		0	1327	211	25	98	88	0	0	0	0	0	111		8	0	0	120		0	0	9	111	0		327		0																																																																																																																																																																			
santander	frailejones	40	13	3	7	3	0	0	0	0	0	20	0		0	0		14		0	4	5	5	1		7		2	715	313	47	174	92	0	0	0	0	0	230		0	0	0	315		0	49	48	218	1		42		4																																																																																																																																																																			
santander	liquenes	297	0	0	0	0	0	0	0	0	0	1	0		0	0		0		0	0	0	0	0		1		0	2996	0	0	0	0	0	0	0	0	0	1		0	0	0	0		0	0	0	0	0		2		0																																																																																																																																																																			
santander	magnolias-afines	33	11	4	4	3	0	0	0	0	0	7	0		0	0		10		0	3	5	2	0		17		0	939	205	59	68	78	0	0	0	0	0	122		0	0	0	143		0	35	92	16	0		391		0																																																																																																																																																																			
santander	orquideas	524	32	1	16	15	270	4	266	0	0	105	0		3	0		3		0	0	3	0	0		14		2	2445	75	2	27	46	760	14	746	0	0	260		25	0	0	9		0	0	9	0	0		64		2																																																																																																																																																																			
santander	palmas	87	20	2	9	9	0	0	0	0	0	14	0		2	0		6		0	1	2	3	0		4		0	1439	401	41	217	143	0	0	0	0	0	242		24	0	0	174		0	3	26	145	0		88		0																																																																																																																																																																			
santander	pinos-afines	9	0	0	0	0	0	0	0	0	0	0	0		3	0		0		0	0	0	0	0		1		0	30	0	0	0	0	0	0	0	0	0	0		12	0	0	0		0	0	0	0	0		2		0																																																																																																																																																																			
santander	zamias	6	5	0	4	1	6	0	6	0	0	3	0		0	0		2		0	0	1	1	3		0		0	324	319	0	315	4	320	0	320	0	0	312		0	0	0	302		0	0	5	297	8		0		0																																																																																																																																																																			
tolima	algas	4	0				0					0			0														1236	0				0					0		0																																																																																																																																																																																
tolima	bromelias-labiadas-pasifloras	160	10	6	1	3	0	0	0	0	0	28	0		1	0		4	0	0	1	1	2	0		21		0	1047	70	21	2	47	0	0	0	0	0	178		4	0	0	9	0	0	2	2	5	0		89		0																																																																																																																																																																			
tolima	especies-maderables	7	7	2	3	2	1	0	1	0	0	0	0		0	0		4	0	0	0	3	1	0		2		0	282	282	7	242	33	2	0	2	0	0	0		0	0	0	244	0	0	0	242	2	0		33		0																																																																																																																																																																			
tolima	fanerogamas	20	7	2	1	4	0	0	0	0	0	3	0		0	0		4	0	0	0	1	3	0		7		0	350	20	6	1	13	0	0	0	0	0	9		0	0	0	14	0	0	0	1	13	0		247		0																																																																																																																																																																			
tolima	frailejones	1	0	0	0	0	0	0	0	0	0	1	0		0	0		0	0	0	0	0	0	0		1		0	859	0	0	0	0	0	0	0	0	0	841		0	0	0	0	0	0	0	0	0	0		841		0																																																																																																																																																																			
tolima	liquenes	138	0	0	0	0	0	0	0	0	0	2	0		0	0		0	0	0	0	0	0	0		0		0	502	0	0	0	0	0	0	0	0	0	6		0	0	0	0	0	0	0	0	0	0		0		0																																																																																																																																																																			
tolima	magnolias-afines	7	3	0	1	2	0	0	0	0	0	1	0		0	0		3	0	0	0	1	2	0		2		0	33	12	0	1	11	0	0	0	0	0	1		0	0	0	5	0	0	0	1	4	0		20		0																																																																																																																																																																			
tolima	orquideas	193	8	0	3	5	94	2	92	0	0	35	0		2	0		0	0	0	0	0	0	0		6		0	780	12	0	7	5	212	5	207	0	0	87		7	0	0	0	0	0	0	0	0	0		15		0																																																																																																																																																																			
tolima	palmas	26	3	0	3	0	0	0	0	0	0	2	0		0	0		2	0	0	0	0	2	0		1		0	4481	4237	0	4237	0	0	0	0	0	0	8		0	0	0	4230	0	0	0	0	4230	0		6		0																																																																																																																																																																			
tolima	pinos-afines	2	0	0	0	0	0	0	0	0	0	0	0		1	0		0	0	0	0	0	0	0		0		0	3	0	0	0	0	0	0	0	0	0	0		2	0	0	0	0	0	0	0	0	0		0		0																																																																																																																																																																			
tolima	zamias	2	1	1	0	0	2	0	2	0	0	1	0		0	0		0	0	0	0	0	0	1		0		0	13	12	12	0	0	13	0	13	0	0	12		0	0	0	0	0	0	0	0	0	1		0		0																																																																																																																																																																			
boyaca	abejas	38	3	2	1	0	0	0	0		0	0	0		1	0		0	0	0	0	0	0	0		2		4	568	5	2	3	0	0	0	0		0	0		97	0	0	0	0	0	0	0	0	0		57		16																																																																																																																																																																			
boyaca	anfibios	160	6	1	3	2	2	0	2		0	0	0		1	1		26	0	0	3	11	12	7		109		2	5489	229	172	50	7	48	0	48		0	0		1	1	0	705	0	0	174	184	347	347		3675		2																																																																																																																																																																			
boyaca	animales	3259	69	10	24	35	220	11	194		15	110	95		29	6		85	1	0	9	22	54	48		1329		33	290476	4946	1394	1787	1765	34348	192	32368		1788	5575		2736	204	21936	5115	4	0	844	1330	2941	7704		230356		137																																																																																																																																																																			
boyaca	aracnidos	115	1	0	0	1	0	0	0		0	0	0		0	0		0	0	0	0	0	0	0		1		0	2382	104	0	0	104	0	0	0		0	0		0	0	0	0	0	0	0	0	0	0		2		0																																																																																																																																																																			
boyaca	aves	1044	34	6	15	13	182	5	168		9	21	95		7	0		29	1	0	2	5	22	31		901		0	244360	4158	1218	1725	1215	33659	91	32187		1381	4776		2366	0	21936	4166	4	0	657	1074	2435	6991		223201		0																																																																																																																																																																			
boyaca	dipteros	123	0				0					0			0														6090	0				0					0		0																																																																																																																																																																																
boyaca	escarabajos	221	1	0	0	1	0	0	0		0	0	0		1	0		2	0	0	0	2	0	1		4		0	8133	4	0	0	4	0	0	0		0	0		7	0	0	52	0	0	0	52	0	34		294		0																																																																																																																																																																			
boyaca	hongos	419	0	0	0	0	0	0	0		0	7	0		0	0		1	0	0	0	0	1	0		5		0	2763	0	0	0	0	0	0	0		0	17		0	0	0	1	0	0	0	0	1	0		14		0																																																																																																																																																																			
boyaca	hormigas	25	0	0	0	0	0	0	0		0	0	0		4	1		0	0	0	0	0	0	0		0		0	566	0	0	0	0	0	0	0		0	0		4	1	0	0	0	0	0	0	0	0		0		0																																																																																																																																																																			
boyaca	insectos	1258	6	2	2	2	0	0	0		0	0	0		6	1		2	0	0	0	2	0	1		22		4	29145	13	2	6	5	0	0	0		0	0		108	1	0	52	0	0	0	52	0	34		398		16																																																																																																																																																																			
boyaca	invertebrados	1503	7	2	2	3	0	0	0		0	0	0		10	2		3	0	0	0	2	1	1		32		5	33051	117	2	6	109	0	0	0		0	0		146	17	0	53	0	0	0	52	1	34		460		17																																																																																																																																																																			
boyaca	mamiferos	177	7	0	0	7	25	6	14		5	10	0		4	0		13	0	0	1	2	10	5		120		10	2393	69	0	0	69	611	101	104		406	205		24	0	0	137	0	0	4	15	118	33		1839		27																																																																																																																																																																			
boyaca	mariposas	618	2	0	1	1	0	0	0		0	0	0		0	0		0	0	0	0	0	0	0		13		0	3133	4	0	3	1	0	0	0		0	0		0	0	0	0	0	0	0	0	0	0		42		0																																																																																																																																																																			
boyaca	moluscos	52	0	0	0	0	0	0	0		0	0	0		3	1		1	0	0	0	0	1	0		1		0	294	0	0	0	0	0	0	0		0	0		18	16	0	1	0	0	0	0	1	0		1		0																																																																																																																																																																			
boyaca	peces	201	8	1	1	6	0	0	0		0	79	0		6	3		8	0	0	2	1	5	2		59		10	3374	65	2	1	62	0	0	0		0	594		198	186	0	41	0	0	8	2	31	3		272		63																																																																																																																																																																			
boyaca	plantas	7056	123	13	42	68	267	1	266		0	842	0		144	4		136	0	3	26	57	53	18		999		13	138166	2738	122	1225	1391	1353	3	1350		0	17332		1392	73	0	2701	0	69	207	1434	1060	240		25849		93																																																																																																																																																																			
boyaca	reptiles	174	7	0	3	4	11	0	10		1	0	0		1	0		6	0	0	1	1	4	2		108		6	1594	308	0	5	303	30	0	29		1	0		1	0	0	13	0	0	1	3	9	296		909		28																																																																																																																																																																			
boyaca	vertebrados	1756	62	8	22	32	220	11	194		15	110	95		19	4		82	1	0	9	20	53	47		1297		28	257218	4829	1392	1781	1656	34348	192	32368		1788	5575		2590	187	21936	5062	4	0	844	1278	2940	7670		229896		120																																																																																																																																																																			
colombia	abejas	400	9	3	3	3	0	0	0	0	0	0	0		1	0	0	0	0	0	0	0	0	0	0	4	0	6	25672	324	87	10	227	0	0	0	0	0	0		2138	0	0	0	0	0	0	0	0	0	0	290	0	426	400	0	0	25578	3	0	0	9	3	3	3	0	0	0	0	0	0		1	0	0	0	0	0	0	0	0	0	0	4	6	0	0	312	87	10	215	0	0	0	0	0	0		2138	0	0	0	0	0	0	0	0	0	0	290	426	0	0	0	0	0	0	0	0	0	0	0	0		0	0	0	0	0	0	0	0	0	0	0	0	0	0	0	0	0	0	0	0	0	0	0	0	0		0	0	0	0	0	0	0	0	0	0	0	0	0	0	0	0	0	0	0	0	0	0	0	0	0		0	0	0	0	0	0	0	0	0	0	0	0	0	0	0	0	0	0	0	0	0	0	0	0	0		0	0	0	0	0	0	0	0	0	0	0	0	0	0	0
colombia	anfibios	887	49	14	22	13	36	0	36	0	0	0	0		2	1	2	267	0	0	63	116	88	46	0	382	0	42	155854	4323	2207	605	1511	12332	0	12332	0	0	0		1539	415	0	22184	0	0	7901	5977	8306	8379	0	100608	0	1341	887	0	1	155748	1	2024	1539	49	14	22	13	36	0	0	36	0	0		2	0	1	2	267	0	0	63	116	88	46	382	42	0	0	4321	2205	605	1511	12310	0	0	12310	0	0		1539	0	415	1539	22159	0	0	7896	5963	8300	8362	100553	1341	0	0	0	0	0	0	0	0	0	0	0	0		0	0	0	0	0	0	0	0	0	0	0	0	0	0	0	0	0	0	0	0	0	0	0	0	0		0	0	0	0	0	0	0	0	0	0	0	0	0	0	0	0	0	0	0	0	0	0	0	0	0		0	0	0	0	0	0	0	0	0	0	0	1	0	0	0	0	0	0	0	0	0	0	0	0	0		0	0	0	0	0	0	0	0	0	0	0	2024	0	0	0
colombia	angiospermas	31292	637	98	236	303	2044	7	2036	0	1	5429	0		232	4	22	649	2	5	149	275	225	92	23	3246	31	90	2501310	48511	3014	24963	20534	31159	164	30892	0	103	165938		84938	914	0	44626	52	1856	1995	11825	30806	4717	1580	707809	4849	2380	31279	27	12	2494912	587	20017	30601	637	98	236	303	2043	7	0	2035	1	5428		232	0	4	22	649	2	5	149	275	225	92	3245	90	31	23	48407	3009	24890	20508	31106	161	0	30853	92	165782		84905	0	914	30596	44299	52	1856	1992	11813	30494	4566	706799	2377	4837	1567	0	0	0	0	1	0	0	1	0	0		2	0	0	0	1	0	0	0	0	1	0	12	0	1	0	0	0	0	0	1	0	0	1	0	0		10	0	0	0	191	0	0	0	0	191	0	83	0	3	0	0	0	0	0	0	0	0	0	0	1		1	0	0	0	0	0	0	0	0	0	0	3	0	0	0	0	0	0	0	0	0	0	0	0	20		216	0	0	0	0	0	0	0	0	0	0	420	0	0	0
colombia	animales	31780	431	52	138	241	612	45	536	1	30	480	158		105	14	47	637	1	0	109	208	320	237	3	4727	0	430	11195557	193529	23598	49743	120188	1454900	30376	1364010	76	60438	196949		122923	3624	897010	187751	4	0	16459	41642	129650	174018	99	9305833	0	12679	31136	3303	289	10910968	231172	234773	115868	430	52	138	240	604	45	1	528	30	480		105	158	14	47	620	1	0	106	204	310	230	4625	418	0	3	183636	22273	46302	115061	1373590	28741	66	1284490	60293	196750		122917	884262	3536	115865	164881	4	0	15475	29287	120119	167249	9105013	10905	0	97	75	13	6	56	121	10	1	109	1	0		0	48	2	0	88	0	0	13	14	61	36	1096	53	0	0	9220	1250	3075	4895	74124	1250	10	72863	1	0		0	7682	88	0	22163	0	0	931	12019	9213	6078	155806	1724	0	0	21	2	3	16	8	0	1	7	0	1		0	6	0	0	13	0	0	2	4	7	10	181	13	0	0	4282	35	1871	2376	4937	0	76	4861	0	14		0	3807	0	0	311	0	0	126	26	159	240	127861	811	0	0
colombia	antocerotas	19	0	0	0	0	0	0	0	0	0	1	0		0	0	0	0	0	0	0	0	0	0	0	0	0	0	266	0	0	0	0	0	0	0	0	0	4		0	0	0	0	0	0	0	0	0	0	0	0	0	0	19	0	0	266	0	0	0	0	0	0	0	0	0	0	0	0	1		0	0	0	0	0	0	0	0	0	0	0	0	0	0	0	0	0	0	0	0	0	0	0	0	4		0	0	0	0	0	0	0	0	0	0	0	0	0	0	0	0	0	0	0	0	0	0	0	0	0		0	0	0	0	0	0	0	0	0	0	0	0	0	0	0	0	0	0	0	0	0	0	0	0	0		0	0	0	0	0	0	0	0	0	0	0	0	0	0	0	0	0	0	0	0	0	0	0	0	0		0	0	0	0	0	0	0	0	0	0	0	0	0	0	0	0	0	0	0	0	0	0	0	0	0		0	0	0	0	0	0	0	0	0	0	0	0	0	0	0
colombia	aracnidos	1308	8	0	3	5	0	0	0	0	0	0	0		4	0	2	0	0	0	0	0	0	0	0	2	0	0	26363	303	0	52	251	0	0	0	0	0	0		242	0	0	0	0	0	0	0	0	0	0	335	0	0	1307	0	0	26336	37	3050	32	8	0	3	5	0	0	0	0	0	0		4	0	0	2	0	0	0	0	0	0	0	2	0	0	0	301	0	52	249	0	0	0	0	0	0		242	0	0	32	0	0	0	0	0	0	0	335	0	0	0	0	0	0	0	0	0	0	0	0	0		0	0	0	0	0	0	0	0	0	0	0	0	0	0	0	0	0	0	0	0	0	0	0	0	0		0	0	0	0	0	0	0	0	0	0	0	0	0	0	0	0	0	0	0	0	0	0	0	0	0		0	0	0	0	0	0	0	0	0	0	0	0	0	0	0	0	0	0	0	0	0	0	0	0	0		0	0	0	0	0	0	0	0	0	0	0	0	0	0	0
colombia	aves	2344	131	15	52	64	299	10	275	0	14	77	158		25	0	8	116	1	0	14	26	76	98	0	1584	0	3	9505381	146139	9744	43516	92879	1291216	13342	1231889	0	45985	158770		109387	0	897010	112383	4	0	3895	19323	89165	154298	0	8804142	0	194	2330	122	22	9433320	25361	130529	107339	131	15	52	64	299	10	0	275	14	77		25	158	0	8	114	1	0	13	26	75	95	1581	3	0	0	143377	9701	41200	92476	1284502	13294	0	1225305	45903	158634		109386	884262	0	107338	112030	4	0	3861	19311	88858	153289	8735823	185	0	0	6	4	0	2	5	2	0	3	0	0		0	48	0	0	6	0	0	3	0	3	8	91	1	0	0	2466	0	2262	204	96	10	0	86	0	0		0	7682	0	0	85	0	0	28	0	57	341	24302	9	0	0	2	0	2	0	2	0	0	2	0	0		0	6	0	0	0	0	0	0	0	0	0	20	0	0	0	1795	0	1795	0	4652	0	0	4652	0	0		0	3807	0	0	0	0	0	0	0	0	0	117050	0	0	0
colombia	corales	190	6	1	1	4	108	0	108	0	0	0	0		0	0	0	12	0	0	2	2	8	4	0	50	0	5	98961	3456	254	418	2784	82901	0	82901	0	0	0		0	0	0	20920	0	0	672	11939	8309	4549	0	67130	0	367	181	98	0	15726	83188	1539	0	6	1	1	4	105	0	0	105	0	0		0	0	0	0	10	0	0	2	2	6	3	47	3	0	0	93	28	22	43	14725	0	0	14725	0	0		0	0	0	0	601	0	0	50	54	497	112	12973	14	0	0	6	1	1	4	72	0	0	72	0	0		0	0	0	0	12	0	0	2	2	8	4	47	5	0	0	3363	226	396	2741	68133	0	0	68133	0	0		0	0	0	0	20319	0	0	622	11885	7812	4437	54151	353	0	0	0	0	0	0	0	0	0	0	0	0		0	0	0	0	0	0	0	0	0	0	0	0	0	0	0	0	0	0	0	0	0	0	0	0	0		0	0	0	0	0	0	0	0	0	0	0	0	0	0	0
colombia	crustaceos	1846	24	0	16	8	0	0	0	0	0	0	0		2	3	3	8	0	0	1	0	7	1	0	76	0	32	30295	860	0	98	762	0	0	0	0	0	0		80	5	0	19	0	0	2	0	17	2	0	1565	0	411	1702	722	36	25660	4645	3918	97	24	0	16	8	0	0	0	0	0	0		2	0	3	3	8	0	0	1	0	7	1	76	31	0	0	526	0	98	428	0	0	0	0	0	0		80	0	4	97	19	0	0	2	0	17	2	1538	252	0	0	6	0	0	6	0	0	0	0	0	0		0	0	1	0	0	0	0	0	0	0	0	7	3	0	0	334	0	0	334	0	0	0	0	0	0		0	0	1	0	0	0	0	0	0	0	0	19	158	0	0	3	0	0	3	0	0	0	0	0	0		0	0	0	0	0	0	0	0	0	0	0	1	0	0	0	245	0	0	245	0	0	0	0	0	0		0	0	0	0	0	0	0	0	0	0	0	45	0	0	0
colombia	decapodos	1254	24	0	16	8	0	0	0	0	0	0	0		2	3	3	8	0	0	1	0	7	1	0	76	0	32	16719	860	0	98	762	0	0	0	0	0	0		80	5	0	19	0	0	2	0	17	2	0	1565	0	411	1146	587	18	13467	3207	1720	97	24	0	16	8	0	0	0	0	0	0		2	0	3	3	8	0	0	1	0	7	1	76	31	0	0	526	0	98	428	0	0	0	0	0	0		80	0	4	97	19	0	0	2	0	17	2	1538	252	0	0	6	0	0	6	0	0	0	0	0	0		0	0	1	0	0	0	0	0	0	0	0	7	3	0	0	334	0	0	334	0	0	0	0	0	0		0	0	1	0	0	0	0	0	0	0	0	19	158	0	0	3	0	0	3	0	0	0	0	0	0		0	0	0	0	0	0	0	0	0	0	0	1	0	0	0	245	0	0	245	0	0	0	0	0	0		0	0	0	0	0	0	0	0	0	0	0	45	0	0	0
colombia	dipteros	1743	0	0	0	0	0	0	0	0	0	0	0		4	0	0	0	0	0	0	0	0	0	0	0	0	0	105044	0	0	0	0	0	0	0	0	0	0		613	0	0	0	0	0	0	0	0	0	0	0	0	0	1743	1	0	104929	53	16909	0	0	0	0	0	0	0	0	0	0	0		4	0	0	0	0	0	0	0	0	0	0	0	0	0	0	0	0	0	0	0	0	0	0	0	0		613	0	0	0	0	0	0	0	0	0	0	0	0	0	0	0	0	0	0	0	0	0	0	0	0		0	0	0	0	0	0	0	0	0	0	0	0	0	0	0	0	0	0	0	0	0	0	0	0	0		0	0	0	0	0	0	0	0	0	0	0	0	0	0	0	0	0	0	0	0	0	0	0	0	0		0	0	0	0	0	0	0	0	0	0	0	0	0	0	0	0	0	0	0	0	0	0	0	0	0		0	0	0	0	0	0	0	0	0	0	0	0	0	0	0
colombia	equinodermos	388	0	0	0	0	1	0	0	0	1	0	0		0	0	0	1	0	0	0	1	0	0	0	26	0	3	7091	0	0	0	0	2	0	0	0	2	0		0	0	0	2	0	0	0	2	0	0	0	175	0	49	362	132	1	2763	4308	237	0	0	0	0	0	1	0	0	0	1	0		0	0	0	0	1	0	0	0	1	0	0	26	3	0	0	0	0	0	0	1	0	0	0	1	0		0	0	0	0	1	0	0	0	1	0	0	112	22	0	0	0	0	0	0	1	0	0	0	1	0		0	0	0	0	1	0	0	0	1	0	0	12	3	0	0	0	0	0	0	1	0	0	0	1	0		0	0	0	0	1	0	0	0	1	0	0	62	27	0	0	0	0	0	0	0	0	0	0	0	0		0	0	0	0	0	0	0	0	0	0	0	0	0	0	0	0	0	0	0	0	0	0	0	0	0		0	0	0	0	0	0	0	0	0	0	0	0	0	0	0
colombia	escarabajos	2451	3	0	1	2	0	0	0	0	0	0	0		3	0	1	2	0	0	0	2	0	3	0	24	0	7	206474	132	0	32	100	0	0	0	0	0	0		501	0	0	87	0	0	0	87	0	294	0	6831	0	111	2446	0	0	202768	208	28145	460	3	0	1	2	0	0	0	0	0	0		3	0	0	1	2	0	0	0	2	0	3	24	7	0	0	132	0	32	100	0	0	0	0	0	0		500	0	0	459	87	0	0	0	87	0	294	6554	111	0	0	0	0	0	0	0	0	0	0	0	0		0	0	0	0	0	0	0	0	0	0	0	0	0	0	0	0	0	0	0	0	0	0	0	0	0		0	0	0	0	0	0	0	0	0	0	0	0	0	0	0	0	0	0	0	0	0	0	0	0	0		0	0	0	0	0	0	0	0	0	0	0	0	0	0	0	0	0	0	0	0	0	0	0	0	0		0	0	0	0	0	0	0	0	0	0	0	0	0	0	0
colombia	esponjas	207	0				0					0			0														9580	0				0					0		0														196	51	0	807	8747	4108		0				0					0		0															0				0					0		0															0				0					0		0															0				0					0		0															0				0					0		0															0				0					0		0														
colombia	gimnospermas	112	25	8	9	8	22	1	21	0	0	11	0		8	0	3	10	0	0	6	1	3	10	0	8	0	1	22813	1634	147	505	982	844	23	821	0	0	485		19235	0	0	1090	0	0	152	30	908	356	0	775	0	10	112	0	0	22811	0	0	9493	25	8	9	8	22	1	0	21	0	11		8	0	0	3	10	0	0	6	1	3	10	8	1	0	0	1632	146	505	981	843	23	0	820	0	484		19235	0	0	9493	1089	0	0	151	30	908	356	774	10	0	0	0	0	0	0	0	0	0	0	0	0		0	0	0	0	0	0	0	0	0	0	0	0	0	0	0	0	0	0	0	0	0	0	0	0	0		0	0	0	0	0	0	0	0	0	0	0	0	0	0	0	0	0	0	0	0	0	0	0	0	0		0	0	0	0	0	0	0	0	0	0	0	0	0	0	0	0	0	0	0	0	0	0	0	0	0		0	0	0	0	0	0	0	0	0	0	0	0	0	0	0
colombia	helechos	2108	0	0	0	0	64	0	64	0	0	80	0		5	0	3	0	0	0	0	0	0	0	0	12	0	0	141078	0	0	0	0	30347	0	30347	0	0	898		1420	0	0	0	0	0	0	0	0	0	0	1019	0	0	2108	2	2	140987	3	524	678	0	0	0	0	64	0	0	64	0	80		5	0	0	3	0	0	0	0	0	0	0	12	0	0	0	0	0	0	0	30342	0	0	30342	0	894		1415	0	0	678	0	0	0	0	0	0	0	1019	0	0	0	0	0	0	0	0	0	0	0	0	0		0	0	0	0	0	0	0	0	0	0	0	2	0	0	0	0	0	0	0	0	0	0	0	0	0		0	0	0	0	0	0	0	0	0	0	0	3	0	0	0	0	0	0	0	0	0	0	0	0	0		0	0	0	0	0	0	0	0	0	0	0	2	0	0	0	0	0	0	0	0	0	0	0	0	0		0	0	0	0	0	0	0	0	0	0	0	524	0	0	0
colombia	hepaticas	1014	45	2	1	42	0	0	0	0	0	29	0		0	0	0	1	0	0	0	1	0	0	0	2	0	0	61572	644	5	84	555	0	0	0	0	0	358		0	0	0	3	0	0	0	3	0	0	0	236	0	0	1012	0	0	61546	0	0	0	45	2	1	42	0	0	0	0	0	28		0	0	0	0	1	0	0	0	1	0	0	2	0	0	0	642	5	84	553	0	0	0	0	0	357		0	0	0	0	3	0	0	0	3	0	0	236	0	0	0	0	0	0	0	0	0	0	0	0	0		0	0	0	0	0	0	0	0	0	0	0	0	0	0	0	0	0	0	0	0	0	0	0	0	0		0	0	0	0	0	0	0	0	0	0	0	0	0	0	0	0	0	0	0	0	0	0	0	0	0		0	0	0	0	0	0	0	0	0	0	0	0	0	0	0	0	0	0	0	0	0	0	0	0	0		0	0	0	0	0	0	0	0	0	0	0	0	0	0	0
colombia	hongos	4056	0	0	0	0	0	0	0	0	0	110	0		0	0	0	4	0	0	1	0	3	3	0	9	0	1	99327	0	0	0	0	0	0	0	0	0	885		0	0	0	37	0	0	5	0	32	20	0	153	0	4	4056	0	0	99319	50	1688	0	0	0	0	0	0	0	0	0	0	110		0	0	0	0	4	0	0	1	0	3	3	9	1	0	0	0	0	0	0	0	0	0	0	0	885		0	0	0	0	37	0	0	5	0	32	20	153	4	0	0	0	0	0	0	0	0	0	0	0	0		0	0	0	0	0	0	0	0	0	0	0	0	0	0	0	0	0	0	0	0	0	0	0	0	0		0	0	0	0	0	0	0	0	0	0	0	0	0	0	0	0	0	0	0	0	0	0	0	0	0		0	0	0	0	0	0	0	0	0	0	0	0	0	0	0	0	0	0	0	0	0	0	0	0	0		0	0	0	0	0	0	0	0	0	0	0	0	0	0	0
colombia	hormigas	1012	2	0	0	2	0	0	0	0	0	0	0		7	1	2	0	0	0	0	0	0	0	0	0	0	0	119579	4	0	0	4	0	0	0	0	0	0		3662	1481	0	0	0	0	0	0	0	0	0	0	0	0	1010	0	0	119137	19	1799	21	2	0	0	2	0	0	0	0	0	0		7	0	1	2	0	0	0	0	0	0	0	0	0	0	0	4	0	0	4	0	0	0	0	0	0		3662	0	1481	21	0	0	0	0	0	0	0	0	0	0	0	0	0	0	0	0	0	0	0	0	0		0	0	0	0	0	0	0	0	0	0	0	0	0	0	0	0	0	0	0	0	0	0	0	0	0		0	0	0	0	0	0	0	0	0	0	0	0	0	0	0	0	0	0	0	0	0	0	0	0	0		0	0	0	0	0	0	0	0	0	0	0	0	0	0	0	0	0	0	0	0	0	0	0	0	0		0	0	0	0	0	0	0	0	0	0	0	0	0	0	0
colombia	insectos	14573	26	4	10	12	0	0	0	0	0	0	0		19	1	3	14	0	0	1	7	6	5	0	157	0	23	738549	598	95	126	377	0	0	0	0	0	0		6929	1481	0	136	0	0	6	108	22	315	0	9876	0	590	14560	1	1	733581	372	59488	481	26	4	10	12	0	0	0	0	0	0		19	0	1	3	14	0	0	1	7	6	5	157	23	0	0	586	95	126	365	0	0	0	0	0	0		6928	0	1481	480	136	0	0	6	108	22	315	9586	590	0	0	0	0	0	0	0	0	0	0	0	0		0	0	0	0	0	0	0	0	0	0	0	0	0	0	0	0	0	0	0	0	0	0	0	0	0		0	0	0	0	0	0	0	0	0	0	0	0	0	0	0	0	0	0	0	0	0	0	0	0	0		0	0	0	0	0	0	0	0	0	0	0	0	0	0	0	0	0	0	0	0	0	0	0	0	0		0	0	0	0	0	0	0	0	0	0	0	0	0	0	0
colombia	invertebrados	22857	77	5	30	42	130	0	129	0	1	0	0		36	5	11	39	0	0	5	11	23	10	0	385	0	79	989539	7172	349	694	6129	87538	0	87536	0	2	0		7663	1742	0	21121	0	0	695	12064	8362	4866	0	84243	0	1484	22403	1979	50	864708	119622	79928	969	77	5	30	42	127	0	0	126	1	0		36	0	5	11	37	0	0	5	11	21	9	382	76	0	0	2842	123	298	2421	14911	0	0	14910	1	0		7662	0	1741	968	787	0	0	73	164	550	429	25220	944	0	0	21	1	1	19	89	0	0	88	1	0		0	0	1	0	14	0	0	2	4	8	4	90	12	0	0	4313	226	396	3691	72584	0	0	72583	1	0		0	0	1	0	20334	0	0	622	11900	7812	4437	58703	539	0	0	3	0	0	3	0	0	0	0	0	0		0	0	0	0	0	0	0	0	0	0	0	1	0	0	0	245	0	0	245	0	0	0	0	0	0		0	0	0	0	0	0	0	0	0	0	0	45	0	0	0
colombia	mamiferos	737	33	3	9	21	89	27	55	0	7	50	0		19	0	9	57	0	0	5	14	38	17	0	324	0	52	195389	12115	877	1036	10202	44916	13583	17931	0	13402	7213		1521	0	0	18969	0	0	1049	1128	16792	3240	0	135915	0	4394	736	10	1	194781	97	82	1201	33	3	9	21	88	27	0	54	7	50		19	0	0	9	57	0	0	5	14	38	17	323	52	0	0	12057	847	1035	10175	44639	13518	0	17780	13341	7171		1521	0	0	1201	18875	0	0	1019	1121	16735	3236	135490	4356	0	0	3	1	0	2	9	3	0	6	0	0		0	0	0	0	1	0	0	0	0	1	1	7	0	0	0	20	0	1	19	93	20	0	73	0	0		0	0	0	0	1	0	0	0	0	1	1	91	0	0	0	0	0	0	0	1	0	0	1	0	0		0	0	0	0	0	0	0	0	0	0	0	1	0	0	0	0	0	0	0	77	0	0	77	0	0		0	0	0	0	0	0	0	0	0	0	0	77	0	0	0
colombia	mamiferos-marinos	23	6	0	4	2	23	7	16	0	0	0	0		0	0	0	3	0	0	0	1	2	2	0	16	0	1	1926	1621	0	179	1442	1890	1626	264	0	0	0		0	0	0	175	0	0	0	2	173	8	0	1698	0	5	22	7	0	1871	52	0	0	6	0	4	2	22	7	0	15	0	0		0	0	0	0	3	0	0	0	1	2	2	15	1	0	0	1599	0	178	1421	1835	1604	0	231	0	0		0	0	0	0	175	0	0	0	2	173	7	1645	5	0	0	2	1	0	1	7	2	0	5	0	0		0	0	0	0	0	0	0	0	0	0	1	5	0	0	0	19	0	1	18	52	19	0	33	0	0		0	0	0	0	0	0	0	0	0	0	1	50	0	0	0	0	0	0	0	0	0	0	0	0	0		0	0	0	0	0	0	0	0	0	0	0	0	0	0	0	0	0	0	0	0	0	0	0	0	0		0	0	0	0	0	0	0	0	0	0	0	0	0	0	0
colombia	mariposas	4742	9	1	4	4	0	0	0	0	0	0	0		0	0	0	0	0	0	0	0	0	0	0	29	0	0	118887	130	8	82	40	0	0	0	0	0	0		0	0	0	0	0	0	0	0	0	0	0	1317	0	0	4741	0	0	118777	2	0	0	9	1	4	4	0	0	0	0	0	0		0	0	0	0	0	0	0	0	0	0	0	29	0	0	0	130	8	82	40	0	0	0	0	0	0		0	0	0	0	0	0	0	0	0	0	0	1307	0	0	0	0	0	0	0	0	0	0	0	0	0		0	0	0	0	0	0	0	0	0	0	0	0	0	0	0	0	0	0	0	0	0	0	0	0	0		0	0	0	0	0	0	0	0	0	0	0	0	0	0	0	0	0	0	0	0	0	0	0	0	0		0	0	0	0	0	0	0	0	0	0	0	0	0	0	0	0	0	0	0	0	0	0	0	0	0		0	0	0	0	0	0	0	0	0	0	0	0	0	0	0
colombia	medusas	108	0	0	0	0	4	0	4	0	0	0	0		0	0	0	1	0	0	0	1	0	0	0	2	0	0	5478	0	0	0	0	4431	0	4431	0	0	0		0	0	0	15	0	0	0	15	0	0	0	4363	0	0	97	31	4	807	4671	104	0	0	0	0	0	4	0	0	4	0	0		0	0	0	0	1	0	0	0	1	0	0	2	0	0	0	0	0	0	0	46	0	0	46	0	0		0	0	0	0	1	0	0	0	1	0	0	20	0	0	0	0	0	0	0	4	0	0	4	0	0		0	0	0	0	1	0	0	0	1	0	0	2	0	0	0	0	0	0	0	4385	0	0	4385	0	0		0	0	0	0	14	0	0	0	14	0	0	4343	0	0	0	0	0	0	0	0	0	0	0	0	0		0	0	0	0	0	0	0	0	0	0	0	0	0	0	0	0	0	0	0	0	0	0	0	0	0		0	0	0	0	0	0	0	0	0	0	0	0	0	0	0
colombia	moluscos	3084	12	0	0	12	0	0	0	0	0	0	0		9	1	3	3	0	0	1	0	2	0	0	72	0	16	32212	1932	0	0	1932	0	0	0	0	0	0		400	256	0	29	0	0	15	0	14	0	0	799	0	67	2933	715	7	26738	5402	2692	359	12	0	0	12	0	0	0	0	0	0		9	0	1	3	3	0	0	1	0	2	0	72	16	0	0	1329	0	0	1329	0	0	0	0	0	0		400	0	256	359	29	0	0	15	0	14	0	656	66	0	0	8	0	0	8	0	0	0	0	0	0		0	0	0	0	0	0	0	0	0	0	0	22	1	0	0	600	0	0	600	0	0	0	0	0	0		0	0	0	0	0	0	0	0	0	0	0	128	1	0	0	0	0	0	0	0	0	0	0	0	0		0	0	0	0	0	0	0	0	0	0	0	0	0	0	0	0	0	0	0	0	0	0	0	0	0		0	0	0	0	0	0	0	0	0	0	0	0	0	0	0
colombia	musgos	1574	39	6	3	30	0	0	0	0	0	49	0		0	0	0	0	0	0	0	0	0	0	0	0	0	0	95945	406	53	16	337	0	0	0	0	0	508		0	0	0	0	0	0	0	0	0	0	0	0	0	0	1574	0	0	95861	1	0	0	39	6	3	30	0	0	0	0	0	49		0	0	0	0	0	0	0	0	0	0	0	0	0	0	0	406	53	16	337	0	0	0	0	0	507		0	0	0	0	0	0	0	0	0	0	0	0	0	0	0	0	0	0	0	0	0	0	0	0	0		0	0	0	0	0	0	0	0	0	0	0	0	0	0	0	0	0	0	0	0	0	0	0	0	0		0	0	0	0	0	0	0	0	0	0	0	0	0	0	0	0	0	0	0	0	0	0	0	0	0		0	0	0	0	0	0	0	0	0	0	0	0	0	0	0	0	0	0	0	0	0	0	0	0	0		0	0	0	0	0	0	0	0	0	0	0	0	0	0	0
colombia	peces	4155	101	5	9	87	21	1	14	0	6	353	0		17	8	15	118	0	0	12	30	76	49	0	1719	0	195	249566	10201	2138	570	7493	937	1	179	0	757	30966		2088	1467	0	4962	0	0	542	2316	2104	2330	0	128781	0	4669	3982	1176	214	164470	84749	15003	2787	100	5	9	86	17	1	0	10	6	353		17	0	8	15	105	0	0	10	26	69	46	1624	186	0	0	9004	2128	254	6622	815	1	0	58	756	30945		2088	0	1380	2786	4442	0	0	418	2285	1739	1028	55998	3482	0	0	39	5	2	32	12	0	0	12	0	0		0	0	1	0	61	0	0	7	9	45	23	903	40	0	0	1191	10	316	865	121	0	0	121	0	0		0	0	87	0	513	0	0	123	29	361	1299	72696	1176	0	0	15	2	0	13	4	0	0	4	0	1		0	0	0	0	12	0	0	2	4	6	10	158	13	0	0	2166	35	0	2131	132	0	0	132	0	14		0	0	0	0	235	0	0	126	26	83	240	8665	811	0	0
colombia	peces-marinos	873	10	0	2	8	4	0	4	0	0	0	0		0	0	0	20	0	0	1	4	15	10	0	657	0	30	46754	157	0	80	77	27	0	27	0	0	0		0	0	0	158	0	0	7	32	119	1102	0	42937	0	969	821	527	3	9557	37186	247	0	10	0	2	8	4	0	0	4	0	0		0	0	0	0	20	0	0	1	4	15	10	625	29	0	0	55	0	17	38	18	0	0	18	0	0		0	0	0	0	113	0	0	5	15	93	173	8049	145	0	0	7	1	0	6	3	0	0	3	0	0		0	0	0	0	15	0	0	1	3	11	6	425	13	0	0	102	0	63	39	9	0	0	9	0	0		0	0	0	0	45	0	0	2	17	26	929	34885	824	0	0	0	0	0	0	0	0	0	0	0	0		0	0	0	0	0	0	0	0	0	0	0	3	0	0	0	0	0	0	0	0	0	0	0	0	0		0	0	0	0	0	0	0	0	0	0	0	247	0	0	0
colombia	peces-dulceacuicolas	1458	52	2	3	47	7	0	1	0	6	346	0		0	0	2	35	0	0	2	14	19	17	0	226	0	92	100743	6699	2093	203	4403	762	0	5	0	757	30933		0	0	0	3599	0	0	370	2234	995	706	0	34879	0	2655	1458	0	5	100609	0	694	705	52	2	3	47	7	0	0	1	6	346		0	0	0	2	35	0	0	2	14	19	17	226	92	0	0	6694	2093	203	4398	761	0	0	5	756	30912		0	0	0	704	3593	0	0	369	2232	992	703	34811	2648	0	0	0	0	0	0	0	0	0	0	0	0		0	0	0	0	0	0	0	0	0	0	0	0	0	0	0	0	0	0	0	0	0	0	0	0	0		0	0	0	0	0	0	0	0	0	0	0	0	0	0	0	1	0	0	1	0	0	0	0	0	1		0	0	0	0	1	0	0	0	1	0	0	3	1	0	0	9	0	0	9	0	0	0	0	0	14		0	0	0	0	14	0	0	0	14	0	0	521	159	0	0
colombia	plantas	36910	746	114	249	383	2130	8	2121	0	1	5614	0		246	4	28	660	2	5	155	277	228	102	23	3273	31	92	2889068	51195	3219	25568	22408	62350	187	62060	0	103	168489		105595	914	0	45719	52	1856	2147	11858	31714	5073	1580	710049	4849	2509	36809	206	21	2873149	27576	49494	40772	746	114	249	383	2129	8	0	2120	1	5612		246	0	4	28	660	2	5	155	277	228	102	3272	92	31	23	51087	3213	25495	22379	62291	184	0	62015	92	168326		105557	0	914	40767	45391	52	1856	2143	11846	31402	4922	709038	2506	4837	1567	0	0	0	0	1	0	0	1	0	0		2	0	0	0	1	0	0	0	0	1	0	14	0	1	0	0	0	0	0	1	0	0	1	0	0		10	0	0	0	191	0	0	0	0	191	0	86	0	3	0	0	0	0	0	0	0	0	0	0	1		1	0	0	0	0	0	0	0	0	0	0	5	0	0	0	0	0	0	0	0	0	0	0	0	20		216	0	0	0	0	0	0	0	0	0	0	944	0	0	0
colombia	reptiles	752	40	10	16	14	37	7	27	1	2	0	0		6	0	2	40	0	0	10	11	19	16	3	327	0	57	91986	13579	8283	3322	1974	17961	3450	14143	76	292	0		725	0	0	8132	0	0	2377	834	4921	893	99	52129	0	593	752	9	1	90159	1247	339	2033	40	10	16	14	37	7	1	27	2	0		6	0	0	2	40	0	0	10	11	19	16	327	57	0	3	12035	7269	2910	1856	16413	1928	66	14127	292	0		721	0	0	2033	6588	0	0	2208	443	3937	893	51918	593	0	97	6	2	3	1	6	5	1	0	0	0		0	0	0	0	6	0	0	1	1	4	0	3	0	0	0	1230	1014	100	116	1230	1220	10	0	0	0		0	0	0	0	1230	0	0	158	90	982	0	10	0	0	0	1	0	1	0	1	0	1	0	0	0		0	0	0	0	1	0	0	0	0	1	0	0	0	0	0	76	0	76	0	76	0	76	0	0	0		0	0	0	0	76	0	0	0	0	76	0	0	0	0	0
colombia	tortugas-marinas	6	5	3	1	1	5	5	0	0	0	0	0		0	0	0	5	0	0	1	1	3	0	0	0	0	0	3449	3398	2456	702	240	3398	3398	0	0	0	0		0	0	0	3398	0	0	755	702	1941	0	0	0	0	0	6	5	0	1925	1221	0	0	5	3	1	1	5	5	0	0	0	0		0	0	0	0	5	0	0	1	1	3	0	0	0	0	0	1876	1442	311	123	1876	1876	0	0	0	0		0	0	0	0	1876	0	0	597	311	968	0	0	0	0	0	5	1	3	1	5	5	0	0	0	0		0	0	0	0	5	0	0	1	1	3	0	0	0	0	0	1220	1014	90	116	1220	1220	0	0	0	0		0	0	0	0	1220	0	0	158	90	972	0	0	0	0	0	0	0	0	0	0	0	0	0	0	0		0	0	0	0	0	0	0	0	0	0	0	0	0	0	0	0	0	0	0	0	0	0	0	0	0		0	0	0	0	0	0	0	0	0	0	0	0	0	0	0
colombia	vertebrados	8916	354	47	108	199	482	45	407	1	29	480	158		69	9	36	598	1	0	104	197	297	227	3	4342	0	351	10199855	186357	23249	49049	114059	1367362	30376	1276474	76	60436	196949		115260	1882	897010	166630	4	0	15764	29578	121288	169152	99	9221590	0	11195	8726	1324	239	10040097	111514	148777	114899	353	47	108	198	477	45	1	402	29	480		69	158	9	36	583	1	0	101	193	289	221	4243	342	0	3	180794	22150	46004	112640	1358679	28741	66	1269580	60292	196750		115255	884262	1795	114897	164094	4	0	15402	29123	119569	166820	9079793	9961	0	97	54	12	5	37	32	10	1	21	0	0		0	48	1	0	74	0	0	11	10	53	32	1006	41	0	0	4907	1024	2679	1204	1540	1250	10	280	0	0		0	7682	87	0	1829	0	0	309	119	1401	1641	97103	1185	0	0	18	2	3	13	8	0	1	7	0	1		0	6	0	0	13	0	0	2	4	7	10	180	13	0	0	4037	35	1871	2131	4937	0	76	4861	0	14		0	3807	0	0	311	0	0	126	26	159	240	127816	811	0	0
narino	abejas	13	0	0	0	0	0	0	0		0	0	0		1	0		0		0	0	0	0	0		1		3	89	0	0	0	0	0	0	0		0	0		9	0	0	0		0	0	0	0	0		2		29																																																																																																																																																																			
narino	anfibios	118	4	1	3	0	5	0	5		0	0	0		0	0		34		0	7	12	15	12		61		4	6370	259	244	15	0	1588	0	1588		0	0		0	0	0	2309		0	1712	144	453	209		2106		704																																																																																																																																																																			
narino	animales	2886	86	7	30	49	216	15	191		10	41	113		15	2		102		0	12	26	64	73		1421		41	188075	3963	356	1239	2368	24713	316	23202		1195	299		1130	4	15234	4311		0	1729	352	2230	3803		159713		880																																																																																																																																																																			
narino	aracnidos	105	2	0	0	2	0	0	0		0	0	0		0	0		0		0	0	0	0	0		1		0	770	2	0	0	2	0	0	0		0	0		0	0	0	0		0	0	0	0	0		1		0																																																																																																																																																																			
narino	aves	1172	50	5	20	25	178	3	168		7	10	113		3	0		36		0	0	6	30	48		967		2	168216	3144	111	1203	1830	22854	102	21568		1184	122		1084	0	15234	1852		0	0	183	1669	3551		154178		31																																																																																																																																																																			
narino	dipteros	56	0	0	0	0	0	0	0		0	0	0		1	0		0		0	0	0	0	0		0		0	1038	0	0	0	0	0	0	0		0	0		1	0	0	0		0	0	0	0	0		0		0																																																																																																																																																																			
narino	escarabajos	126	0	0	0	0	0	0	0		0	0	0		0	0		0		0	0	0	0	0		5		0	1573	0	0	0	0	0	0	0		0	0		0	0	0	0		0	0	0	0	0		64		0																																																																																																																																																																			
narino	hongos	453	0	0	0	0	0	0	0		0	1	0		0	0		0		0	0	0	0	0		1		0	1964	0	0	0	0	0	0	0		0	4		0	0	0	0		0	0	0	0	0		1		0																																																																																																																																																																			
narino	hormigas	62	0				0					0			0														437	0				0					0		0																																																																																																																																																																																
narino	insectos	562	1	0	0	1	0	0	0		0	0	0		2	0		0		0	0	0	0	0		9		3	4697	1	0	0	1	0	0	0		0	0		10	0	0	0		0	0	0	0	0		69		29																																																																																																																																																																			
narino	invertebrados	1055	7	0	0	7	0	0	0		0	0	0		5	1		1		0	0	0	1	0		20		7	8332	258	0	0	258	0	0	0		0	0		15	1	0	1		0	0	0	1	0		87		33																																																																																																																																																																			
narino	mamiferos	153	10	0	4	6	24	9	12		3	5	0		5	0		11		0	0	3	8	8		96		12	1835	171	0	5	166	216	175	30		11	67		16	0	0	37		0	0	4	33	11		1270		49																																																																																																																																																																			
narino	mariposas	180	1	0	0	1	0	0	0		0	0	0		0	0		0		0	0	0	0	0		1		0	422	1	0	0	1	0	0	0		0	0		0	0	0	0		0	0	0	0	0		1		0																																																																																																																																																																			
narino	moluscos	198	2	0	0	2	0	0	0		0	0	0		3	1		0		0	0	0	0	0		2		1	1015	119	0	0	119	0	0	0		0	0		5	1	0	0		0	0	0	0	0		3		1																																																																																																																																																																			
narino	peces	290	8	0	0	8	2	0	2		0	26	0		1	1		13		0	4	1	8	3		215		16	2367	77	0	0	77	5	0	5		0	110		3	3	0	58		0	16	4	38	17		1793		63																																																																																																																																																																			
narino	plantas	6766	77	7	31	39	210	0	210		0	546	0		122	3		70		5	8	27	35	18		956		8	434956	5831	23	751	5057	22461	0	22461		0	15186		942	7	0	3769		230	43	941	2785	104		148641		218																																																																																																																																																																			
narino	reptiles	98	7	1	3	3	7	3	4		0	0	0		1	0		7		0	1	4	2	2		62		0	488	54	1	16	37	50	39	11		0	0		12	0	0	54		0	1	17	36	15		279		0																																																																																																																																																																			
narino	vertebrados	1831	79	7	30	42	216	15	191		10	41	113		10	1		101		0	12	26	63	73		1401		34	179312	3705	356	1239	2110	24713	316	23202		1195	299		1115	3	15234	4310		0	1729	352	2229	3803		159626		847																																																																																																																																																																			
santander	abejas	41	2	1	0	1	0	0	0	0	0	0	0		1	0		0		0	0	0	0	0		1		3	2238	6	1	0	5	0	0	0	0	0	0		208	0	0	0		0	0	0	0	0		1		13																																																																																																																																																																			
santander	anfibios	144	7	1	3	3	3	0	3	0	0	0	0		1	0		31		0	4	11	16	5		88		7	14655	165	2	65	98	800	0	800	0	0	0		980	0	0	2560		0	110	538	1912	346		8925		124																																																																																																																																																																			
santander	animales	3703	85	13	21	51	221	15	191	1	14	160	94		36	8		94		0	11	25	58	51		1357		55	353349	4853	1131	1057	2665	41097	432	37857	3	2805	8087		3183	47	27435	8298		0	890	1681	5727	4880		275692		768																																																																																																																																																																			
santander	aracnidos	99	3	0	2	1	0	0	0	0	0	0	0		2	0		0		0	0	0	0	0		1		0	946	6	0	4	2	0	0	0	0	0	0		4	0	0	0		0	0	0	0	0		48		0																																																																																																																																																																			
santander	aves	1012	33	8	12	13	174	6	161	0	7	25	94		9	0		27		0	2	8	17	28		872		0	265044	3563	757	954	1852	36220	94	35393	0	733	4562		1729	0	27435	4504		0	707	648	3149	3971		245753		0																																																																																																																																																																			
santander	dipteros	118	0	0	0	0	0	0	0	0	0	0	0		2	0		0		0	0	0	0	0		0		0	5880	0	0	0	0	0	0	0	0	0	0		95	0	0	0		0	0	0	0	0		0		0																																																																																																																																																																			
santander	escarabajos	260	1	0	0	1	0	0	0	0	0	0	0		1	0		1		0	0	1	0	2		8		1	12384	4	0	0	4	0	0	0	0	0	0		10	0	0	14		0	0	14	0	28		667		3																																																																																																																																																																			
santander	hongos	419	0	0	0	0	0	0	0	0	0	1	0		0	0		1		0	0	0	1	2		2		0	4754	0	0	0	0	0	0	0	0	0	1		0	0	0	1		0	0	0	1	6		3		0																																																																																																																																																																			
santander	hormigas	154	0	0	0	0	0	0	0	0	0	0	0		4	1		0		0	0	0	0	0		0		0	4602	0	0	0	0	0	0	0	0	0	0		18	3	0	0		0	0	0	0	0		0		0																																																																																																																																																																			
santander	insectos	1660	4	1	0	3	0	0	0	0	0	0	0		8	1		1		0	0	1	0	3		23		4	39178	11	1	0	10	0	0	0	0	0	0		331	3	0	14		0	0	14	0	45		761		16																																																																																																																																																																			
santander	invertebrados	1912	8	1	3	4	0	0	0	0	0	0	0		13	2		2		0	1	1	0	3		39		5	42632	18	1	5	12	0	0	0	0	0	0		338	4	0	16		0	2	14	0	45		941		19																																																																																																																																																																			
santander	mamiferos	213	10	0	1	9	28	9	14	0	5	14	0		3	0		19		0	1	3	15	6		139		13	14997	222	0	3	219	3303	338	1012	0	1953	312		33	0	0	672		0	21	112	539	334		11325		343																																																																																																																																																																			
santander	mariposas	860	1	0	0	1	0	0	0	0	0	0	0		0	0		0		0	0	0	0	0		8		0	7918	1	0	0	1	0	0	0	0	0	0		0	0	0	0		0	0	0	0	0		76		0																																																																																																																																																																			
santander	moluscos	49	0	0	0	0	0	0	0	0	0	0	0		2	1		1		0	1	0	0	0		3		0	639	0	0	0	0	0	0	0	0	0	0		2	1	0	2		0	2	0	0	0		10		0																																																																																																																																																																			
santander	peces	228	20	1	1	18	1	0	0	0	1	121	0		7	6		10		0	1	2	7	6		95		21	7263	769	360	27	382	118	0	0	0	118	3213		73	43	0	517		0	39	369	109	137		3051		248																																																																																																																																																																			
santander	plantas	8166	157	24	68	65	325	4	321	0	0	961	0		175	4		172		3	32	73	67	23		1301		16	129804	4681	569	3074	1038	3190	14	3176	0	0	7417		2029	53	0	4662		24	465	862	3335	169		27072		69																																																																																																																																																																			
santander	reptiles	194	7	2	1	4	15	0	13	1	1	0	0		3	0		5		0	2	0	3	3		124		9	8603	116	11	3	102	656	0	652	3	1	0		30	0	0	29		0	11	0	18	47		5697		34																																																																																																																																																																			
santander	vertebrados	1791	77	12	18	47	221	15	191	1	14	160	94		23	6		92		0	10	24	58	48		1318		50	310569	4835	1130	1052	2653	41097	432	37857	3	2805	8087		2845	43	27435	8282		0	888	1667	5727	4835		274751		749																																																																																																																																																																			
tolima	abejas	32	1	1	0	0	0	0	0	0	0	0	0		1	0		0	0	0	0	0	0	0		1		0	387	1	1	0	0	0	0	0	0	0	0		12	0	0	0	0	0	0	0	0	0		1		0																																																																																																																																																																			
tolima	anfibios	120	5	1	1	3	3	0	3	0	0	0	0		1	1		21	0	0	3	5	13	9		76		0	3887	127	1	3	123	148	0	148	0	0	0		1	1	0	405	0	0	52	51	302	220		2519		0																																																																																																																																																																			
tolima	animales	2884	79	9	17	53	198	13	171	1	13	131	89		28	3		77	0	0	7	15	55	50		1186		32	527997	6414	393	907	5114	55688	1045	52464	2	2177	12241		8867	558	30388	4759	0	0	343	152	4264	5179		396892		153																																																																																																																																																																			
tolima	aracnidos	77	2	0	1	1	0	0	0	0	0	0	0		1	0		0	0	0	0	0	0	0		1		0	1995	3	0	1	2	0	0	0	0	0	0		2	0	0	0	0	0	0	0	0	0		10		0																																																																																																																																																																			
tolima	aves	889	41	4	11	26	155	5	145	0	5	27	89		9	0		29	0	0	1	3	25	30		757		1	403406	5932	384	823	4725	53808	810	51883	0	1115	5488		7593	0	30388	3602	0	0	223	13	3366	4614		379029		3																																																																																																																																																																			
tolima	dipteros	60	0	0	0	0	0	0	0	0	0	0	0		3	0		0	0	0	0	0	0	0		0		0	11902	0	0	0	0	0	0	0	0	0	0		19	0	0	0	0	0	0	0	0	0		0		0																																																																																																																																																																			
tolima	escarabajos	203	1	0	0	1	0	0	0	0	0	0	0		2	0		0	0	0	0	0	0	0		4		0	26687	2	0	0	2	0	0	0	0	0	0		36	0	0	0	0	0	0	0	0	0		28		0																																																																																																																																																																			
tolima	hongos	188	0	0	0	0	0	0	0	0	0	2	0		0	0		0	0	0	0	0	0	0		0		0	695	0	0	0	0	0	0	0	0	0	6		0	0	0	0	0	0	0	0	0	0		0		0																																																																																																																																																																			
tolima	hormigas	55	0	0	0	0	0	0	0	0	0	0	0		2	0		0	0	0	0	0	0	0		0		0	1150	0	0	0	0	0	0	0	0	0	0		2	0	0	0	0	0	0	0	0	0		0		0																																																																																																																																																																			
tolima	insectos	1188	2	1	0	1	0	0	0	0	0	0	0		8	0		2	0	0	0	2	0	0		23		0	91695	3	1	0	2	0	0	0	0	0	0		69	0	0	8	0	0	0	8	0	0		296		0																																																																																																																																																																			
tolima	invertebrados	1340	5	1	2	2	1	0	1	0	0	0	0		9	0		3	0	0	1	2	0	0		32		3	98381	8	1	3	4	6	0	6	0	0	0		71	0	0	10	0	0	2	8	0	0		393		4																																																																																																																																																																			
tolima	mamiferos	219	8	0	1	7	24	7	12	0	5	14	0		5	0		12	0	0	0	3	9	6		148		9	8784	156	0	71	85	1570	234	337	0	999	179		34	0	0	436	0	0	0	74	362	339		6086		46																																																																																																																																																																			
tolima	mariposas	640	0	0	0	0	0	0	0	0	0	0	0		0	0		0	0	0	0	0	0	0		11		0	13684	0	0	0	0	0	0	0	0	0	0		0	0	0	0	0	0	0	0	0	0		246		0																																																																																																																																																																			
tolima	moluscos	37	0	0	0	0	0	0	0	0	0	0	0		0	0		1	0	0	1	0	0	0		0		0	926	0	0	0	0	0	0	0	0	0	0		0	0	0	2	0	0	2	0	0	0		0		0																																																																																																																																																																			
tolima	peces	178	16	1	1	14	3	0	1	0	2	90	0		4	2		9	0	0	1	2	6	4		81		13	11601	180	2	5	173	13	0	1	0	12	6574		1168	557	0	299	0	0	62	6	231	5		7735		57																																																																																																																																																																			
tolima	plantas	4618	47	10	14	23	119	2	117	0	0	471	0		123	3		68	1	2	5	29	34	7		797		7	55810	4677	41	4522	114	451	5	446	0	0	3896		871	10	0	5958	5	10	14	431	5513	31		11927		31																																																																																																																																																																			
tolima	reptiles	138	4	2	1	1	12	1	9	1	1	0	0		0	0		3	0	0	1	0	2	1		92		6	1860	11	5	2	4	143	1	89	2	51	0		0	0	0	7	0	0	4	0	3	1		1130		43																																																																																																																																																																			
tolima	vertebrados	1544	74	8	15	51	197	13	170	1	13	131	89		19	3		74	0	0	6	13	55	50		1154		29	429552	6406	392	904	5110	55682	1045	52458	2	2177	12241		8796	558	30388	4749	0	0	341	144	4264	5179		396499		149																																																																																																																																																																			
