slug_region	pais_publicacion	anio	registros	especies
colombia	AR	1837	1	1
colombia	AR	1967	6	4
colombia	AR	1968	2	2
colombia	AR	1974	3	3
colombia	AR	1975	2	1
colombia	AR	1976	4	4
colombia	AR	1979	2	2
colombia	AR	1984	1	1
colombia	AR	1985	5	5
colombia	AR	1986	16	14
colombia	AR	1987	20	12
colombia	AR	1988	7	5
colombia	AR	1965	2	2
colombia	AR	1989	1	1
colombia	AR	1992	1	1
colombia	AR	1996	1	1
colombia	AR	1997	1	
colombia	AR	1998	2	1
colombia	AR	1999	1	1
colombia	AR	2002	1	1
colombia	AR	2006	1	1
colombia	AR	2007	1	1
colombia	AR	2010	3	3
colombia	AR	2012	4	3
colombia	AR	2016	39	17
colombia	AR	1990	1	1
colombia	AR	1963	2	2
colombia	AR	2011	30	10
colombia	AR	1959	1	1
colombia	AR	1961	1	1
colombia	AR	1905	1	1
colombia	AR	1907	2	1
colombia	AR	1908	5	2
colombia	AR	1909	4	2
colombia	AR	1910	2	
colombia	AR	1911	1	1
colombia	AR	1922	4	3
colombia	AR	1930	2	2
colombia	AR	1935	2	1
colombia	AR	1940	1	1
colombia	AR	1941	2	1
colombia	AR	1906	1	1
colombia	AR	1943	6	4
colombia	AR	1942	3	3
colombia	AR	1953	1	1
colombia	AR	1951	1	1
colombia	AR	1950	1	1
colombia	AR	1949	35	17
colombia	AR	1958	1	1
colombia	AR	1947	34	21
colombia	AR	1946	20	13
colombia	AR	1945	5	3
colombia	AR	1944	3	3
colombia	AR	1948	17	7
colombia	AT	1982	4	3
colombia	AT	1972	3	3
colombia	AT	1980	2	1
colombia	AT	1979	1	1
colombia	AT	1977	4	4
colombia	AT	1976	2	2
colombia	AT	1975	13	2
colombia	AT	1974	3	2
colombia	AT	1973	2	1
colombia	AT	1981	2	2
colombia	AT	1961	1	1
colombia	AT	1969	4	3
colombia	AT	1968	4	2
colombia	AT	1967	1	1
colombia	AT	1966	1	1
colombia	AT	1959	6	3
colombia	AT	1958	1	1
colombia	AT	1956	2	1
colombia	AT	1952	1	1
colombia	AT	1951	1	1
colombia	AT	1983	2	2
colombia	AT	1947	1	1
colombia	AT	1971	6	2
colombia	AT	1984	7	4
colombia	AT	1998	6	4
colombia	AT	1986	16	14
colombia	AT	1946	2	2
colombia	AT	2015	1	1
colombia	AT	2013	16	4
colombia	AT	2012	28	3
colombia	AT	2011	17	9
colombia	AT	2010	6	3
colombia	AT	2009	1	1
colombia	AT	2005	4	
colombia	AT	2003	3	3
colombia	AT	2002	4	2
colombia	AT	1985	4	3
colombia	AT	2001	1	1
colombia	AT	1997	4	2
colombia	AT	1996	7	5
colombia	AT	1995	7	5
colombia	AT	1993	3	2
colombia	AT	1992	610	212
colombia	AT	1991	49	26
colombia	AT	1990	13	9
colombia	AT	1989	59	38
colombia	AT	1988	34	19
colombia	AT	1987	28	19
colombia	AT	1999	3	
colombia	AT	1945	3	3
colombia	AT	1937	1	1
colombia	AT	1941	1	1
colombia	AT	1881	1	1
colombia	AT	1880	2	2
colombia	AT	1879	1	1
colombia	AT	1878	4	2
colombia	AT	1876	1	1
colombia	AT	1864	1	1
colombia	AT	1860	2	2
colombia	AT	1857	1	1
colombia	AT	1856	1	1
colombia	AT	1855	2	1
colombia	AT	1882	3	3
colombia	AT	1854	10	8
colombia	AT	1852	2	1
colombia	AT	1851	95	77
colombia	AT	1847	3	3
colombia	AT	1846	11	7
colombia	AT	1844	7	7
colombia	AT	1843	29	23
colombia	AT	1842	48	38
colombia	AT	1840	1	1
colombia	AT	1944	8	4
colombia	AT	1799	1	1
colombia	AT	1853	2	2
colombia	AT	1883	3	3
colombia	AT	1812	1	1
colombia	AT	1886	1	1
colombia	AT	1885	3	1
colombia	AT	1938	1	1
colombia	AT	1935	1	1
colombia	AT	1932	3	3
colombia	AT	1931	2	1
colombia	AT	1927	3	3
colombia	AT	1926	1	1
colombia	AT	1922	4	3
colombia	AT	1917	1	1
colombia	AT	1911	1	
colombia	AT	1939	3	2
colombia	AT	1909	2	2
colombia	AT	1910	3	2
colombia	AT	1888	3	3
colombia	AT	1892	1	1
colombia	AT	1896	1	1
colombia	AT	1889	1	1
colombia	AT	1898	16	14
colombia	AT	1901	2	1
colombia	AT	1905	1	1
colombia	AT	1908	2	1
colombia	AT	1897	1	1
colombia	AU	1991	89	16
colombia	AU	1990	32	5
colombia	AU	1989	12	
colombia	AU	1988	27	5
colombia	AU	1987	28	6
colombia	AU	1986	183	30
colombia	AU	1985	232	31
colombia	AU	1984	73	15
colombia	AU	1983	6	1
colombia	AU	1977	10	1
colombia	AU	1980	12	3
colombia	AU	1979	6	
colombia	AU	1978	2	
colombia	AU	1976	4	
colombia	AU	1975	1	
colombia	AU	1974	5	
colombia	AU	1973	26	5
colombia	AU	1972	42	9
colombia	AU	1992	62	7
colombia	AU	1971	100	
colombia	AU	1982	1	1
colombia	AU	1993	4	
colombia	AU	2006	887	57
colombia	AU	1995	48	11
colombia	AU	1970	9	1
colombia	AU	2020	3	
colombia	AU	2019	2	1
colombia	AU	2018	37	1
colombia	AU	2017	172	2
colombia	AU	2014	3	
colombia	AU	2013	10	1
colombia	AU	2012	490	56
colombia	AU	2011	2510	134
colombia	AU	1994	10	3
colombia	AU	2010	5	
colombia	AU	2007	1	
colombia	AU	2005	2	
colombia	AU	2004	1	
colombia	AU	2003	1	
colombia	AU	2001	3	
colombia	AU	2000	12	1
colombia	AU	1999	4	
colombia	AU	1998	17	1
colombia	AU	1997	14	
colombia	AU	2008	1	1
colombia	AU	1969	26	
colombia	AU	1959	4	
colombia	AU	1967	4	
colombia	AU	1915	2	
colombia	AU	1914	2	
colombia	AU	1912	1	
colombia	AU	1911	1	
colombia	AU	1909	2	
colombia	AU	1907	1	1
colombia	AU	1906	1	
colombia	AU	1905	2	1
colombia	AU	1901	1	
colombia	AU	1930	1	
colombia	AU	1899	3	
colombia	AU	1877	2	
colombia	AU	1863	23	2
colombia	AU	1860	1	
colombia	AU	1854	1	
colombia	AU	1852	1	
colombia	AU	1851	26	10
colombia	AU	1849	1	
colombia	AU	1844	2	
colombia	AU	1968	5	2
colombia	AU	1884	2	
colombia	AU	1932	2	2
colombia	AU	1898	6	1
colombia	AU	1935	1	1
colombia	AU	1965	1	1
colombia	AU	1934	4	
colombia	AU	1964	3	1
colombia	AU	1963	41	8
colombia	AU	1960	4	3
colombia	AU	1958	2	
colombia	AU	1953	11	1
colombia	AU	1952	33	2
colombia	AU	1951	102	20
colombia	AU	1950	41	6
colombia	AU	1956	3	1
colombia	AU	1948	4	4
colombia	AU	1946	1	
colombia	AU	1945	4	1
colombia	AU	1944	5	2
colombia	AU	1943	7	
colombia	AU	1942	1	
colombia	AU	1941	1	
colombia	AU	1949	1	1
colombia	AU	1936	1	1
colombia	AU	1939	1	
colombia	BE	1966	5	2
colombia	BE	1950	42	30
colombia	BE	1951	15	11
colombia	BE	1952	56	35
colombia	BE	1953	4	3
colombia	BE	1962	4	3
colombia	BE	1959	44	3
colombia	BE	1961	2	1
colombia	BE	1965	3	2
colombia	BE	1949	3	2
colombia	BE	1957	1	1
colombia	BE	1948	2	1
colombia	BE	1937	24	9
colombia	BE	1946	19	11
colombia	BE	1945	15	10
colombia	BE	1944	13	8
colombia	BE	1943	14	9
colombia	BE	1942	4	2
colombia	BE	1941	3	3
colombia	BE	1940	6	6
colombia	BE	1939	59	20
colombia	BE	1936	27	15
colombia	BE	1935	5	3
colombia	BE	1934	1	1
colombia	BE	1967	3	1
colombia	BE	1947	4	3
colombia	BE	1968	3	2
colombia	BE	1993	4	2
colombia	BE	1971	4	2
colombia	BE	2011	43	16
colombia	BE	2009	2	1
colombia	BE	2008	3	1
colombia	BE	2005	2	1
colombia	BE	1997	7	4
colombia	BE	1996	2	1
colombia	BE	1932	8	4
colombia	BE	1992	2	1
colombia	BE	1990	6	4
colombia	BE	1989	53	22
colombia	BE	1988	11	9
colombia	BE	1987	7	4
colombia	BE	1986	4	3
colombia	BE	1985	2	2
colombia	BE	1984	8	8
colombia	BE	1983	8	5
colombia	BE	1982	11	10
colombia	BE	1981	4	3
colombia	BE	1980	13	11
colombia	BE	1979	3	3
colombia	BE	1978	11	4
colombia	BE	1977	6	5
colombia	BE	1976	2	1
colombia	BE	1975	4	2
colombia	BE	1974	4	3
colombia	BE	1973	9	7
colombia	BE	1972	22	14
colombia	BE	1969	13	5
colombia	BE	1931	2	1
colombia	BE	1909	2	1
colombia	BE	1926	2	2
colombia	BE	1869	1	1
colombia	BE	1866	1	1
colombia	BE	1865	1	1
colombia	BE	1863	9	8
colombia	BE	1862	4	3
colombia	BE	1860	6	3
colombia	BE	1857	7	4
colombia	BE	1856	2	2
colombia	BE	1854	7	6
colombia	BE	1853	2	2
colombia	BE	1928	10	5
colombia	BE	1851	142	126
colombia	BE	1875	5	4
colombia	BE	1850	40	20
colombia	BE	1848	2	2
colombia	BE	1847	6	5
colombia	BE	1846	174	113
colombia	BE	1844	25	24
colombia	BE	1843	89	68
colombia	BE	1842	41	33
colombia	BE	1841	1	1
colombia	BE	1834	1	1
colombia	BE	1833	1	1
colombia	BE	1830	1	1
colombia	BE	1824	1	1
colombia	BE	1802	1	1
colombia	BE	1849	15	12
colombia	BE	1876	15	10
colombia	BE	1852	55	31
colombia	BE	1880	1	1
colombia	BE	1878	1	1
colombia	BE	1923	2	
colombia	BE	1922	5	3
colombia	BE	1920	1	1
colombia	BE	1919	3	2
colombia	BE	1918	2	2
colombia	BE	1917	2	2
colombia	BE	1911	12	2
colombia	BE	1910	2	2
colombia	BE	1907	4	2
colombia	BE	1903	1	1
colombia	BE	1902	1	1
colombia	BE	1901	1	1
colombia	BE	1924	1	1
colombia	BE	1898	98	87
colombia	BE	1899	5	5
colombia	BE	1882	3	3
colombia	BE	1883	15	14
colombia	BE	1884	14	13
colombia	BE	1886	37	13
colombia	BE	1881	4	3
colombia	BE	1891	3	2
colombia	BE	1892	2	1
colombia	BE	1893	3	1
colombia	BE	1895	1	1
colombia	BE	1896	11	6
colombia	BE	1890	3	3
colombia	BG	1990	5	2
colombia	BG	1989	6	5
colombia	BG	1988	2	1
colombia	BG	1987	6	2
colombia	BG	1985	3	2
colombia	BG	1983	8	3
colombia	BG	1982	4	3
colombia	BG	1981	4	1
colombia	BG	1991	5	2
colombia	BG	1986	10	2
colombia	BG	1992	13	2
colombia	BG	1999	1	1
colombia	BG	1994	3	1
colombia	BG	1995	4	1
colombia	BG	1996	4	2
colombia	BG	1997	2	2
colombia	BG	1998	1	1
colombia	BG	2000	1	1
colombia	BG	2001	4	2
colombia	BG	2002	3	1
colombia	BG	2003	1	1
colombia	BG	2014	1	1
colombia	BG	1980	3	1
colombia	BG	1993	11	3
colombia	BG	1976	2	1
colombia	BG	1977	1	1
colombia	BG	1973	4	3
colombia	BG	1975	2	1
colombia	BG	1899	1	1
colombia	BG	1925	1	1
colombia	BG	1935	2	1
colombia	BG	1939	2	2
colombia	BG	1940	10	3
colombia	BG	1942	1	1
colombia	BG	1943	1	1
colombia	BG	1944	19	4
colombia	BG	1945	1	1
colombia	BG	1946	8	4
colombia	BG	1947	5	4
colombia	BG	1926	4	3
colombia	BG	1952	1	1
colombia	BG	1948	9	4
colombia	BG	1972	6	1
colombia	BG	1969	3	1
colombia	BG	1966	2	2
colombia	BG	1964	1	1
colombia	BG	1971	3	1
colombia	BG	1961	1	1
colombia	BG	1957	1	1
colombia	BG	1956	1	1
colombia	BG	1955	1	1
colombia	BG	1963	2	1
colombia	BR	1952	259	135
colombia	BR	1959	132	89
colombia	BR	1971	249	145
colombia	BR	1953	111	76
colombia	BR	1954	22	17
colombia	BR	1955	22	5
colombia	BR	1956	56	21
colombia	BR	1957	77	51
colombia	BR	1958	143	51
colombia	BR	1960	28	14
colombia	BR	1966	78	52
colombia	BR	1962	22	11
colombia	BR	1963	59	40
colombia	BR	1964	17	11
colombia	BR	1965	56	43
colombia	BR	1967	110	63
colombia	BR	1968	119	69
colombia	BR	1969	299	173
colombia	BR	1970	69	42
colombia	BR	1951	80	51
colombia	BR	1961	93	49
colombia	BR	1950	149	98
colombia	BR	1938	166	64
colombia	BR	1948	141	39
colombia	BR	1928	10	9
colombia	BR	1929	7	6
colombia	BR	1930	10	9
colombia	BR	1931	27	13
colombia	BR	1932	14	11
colombia	BR	1933	41	32
colombia	BR	1934	39	25
colombia	BR	1935	44	29
colombia	BR	1936	110	30
colombia	BR	1949	57	41
colombia	BR	1937	11	8
colombia	BR	1939	264	148
colombia	BR	1940	56	23
colombia	BR	1941	41	15
colombia	BR	1942	79	44
colombia	BR	1943	226	107
colombia	BR	1944	326	184
colombia	BR	1945	158	91
colombia	BR	1946	450	221
colombia	BR	1947	118	75
colombia	BR	1972	112	76
colombia	BR	1973	286	162
colombia	BR	1986	637	238
colombia	BR	1975	471	248
colombia	BR	2000	14	10
colombia	BR	2002	21	9
colombia	BR	2003	10	7
colombia	BR	2004	10	7
colombia	BR	2005	30	20
colombia	BR	2006	70	12
colombia	BR	2007	19	14
colombia	BR	2008	117	16
colombia	BR	2009	42	15
colombia	BR	1999	64	15
colombia	BR	2010	35	13
colombia	BR	2012	28	12
colombia	BR	2013	61	24
colombia	BR	2014	25	5
colombia	BR	2015	19	11
colombia	BR	2016	9	6
colombia	BR	2017	18	15
colombia	BR	2018	43	21
colombia	BR	2019	38	21
colombia	BR	2020	7	2
colombia	BR	2011	95	26
colombia	BR	1974	369	193
colombia	BR	1998	32	23
colombia	BR	1996	120	46
colombia	BR	1976	1071	570
colombia	BR	1977	507	248
colombia	BR	1978	100	70
colombia	BR	1979	530	322
colombia	BR	1980	143	97
colombia	BR	1981	82	49
colombia	BR	1982	116	73
colombia	BR	1983	160	94
colombia	BR	1984	304	170
colombia	BR	1997	37	26
colombia	BR	1985	292	151
colombia	BR	1987	747	392
colombia	BR	1988	377	209
colombia	BR	1989	436	227
colombia	BR	1990	345	112
colombia	BR	1991	114	70
colombia	BR	1992	178	108
colombia	BR	1993	267	123
colombia	BR	1994	211	78
colombia	BR	1995	57	42
colombia	BR	1927	34	26
colombia	BR	1926	27	24
colombia	BR	2001	26	16
colombia	BR	1924	5	4
colombia	BR	1845	17	8
colombia	BR	1846	89	38
colombia	BR	1847	25	5
colombia	BR	1848	3	2
colombia	BR	1849	4	2
colombia	BR	1850	15	10
colombia	BR	1851	235	133
colombia	BR	1852	63	31
colombia	BR	1853	39	23
colombia	BR	1844	174	90
colombia	BR	1854	26	22
colombia	BR	1856	12	6
colombia	BR	1857	10	5
colombia	BR	1858	5	1
colombia	BR	1859	2	
colombia	BR	1860	2	
colombia	BR	1861	5	5
colombia	BR	1862	7	3
colombia	BR	1863	3	3
colombia	BR	1864	1	1
colombia	BR	1855	14	8
colombia	BR	1867	4	3
colombia	BR	1843	218	89
colombia	BR	1840	13	8
colombia	BR	1925	6	2
colombia	BR	1783	1	1
colombia	BR	1801	150	53
colombia	BR	1804	7	
colombia	BR	1805	16	5
colombia	BR	1806	1	
colombia	BR	1811	1	1
colombia	BR	1816	1	
colombia	BR	1817	1	1
colombia	BR	1842	17	8
colombia	BR	1824	1	1
colombia	BR	1827	1	
colombia	BR	1828	2	1
colombia	BR	1830	1	1
colombia	BR	1832	4	4
colombia	BR	1833	9	3
colombia	BR	1834	1	1
colombia	BR	1835	1	1
colombia	BR	1837	1	1
colombia	BR	1839	1	1
colombia	BR	1826	3	2
colombia	BR	1868	3	1
colombia	BR	1841	1	
colombia	BR	1871	3	2
colombia	BR	1902	36	24
colombia	BR	1903	5	4
colombia	BR	1904	3	2
colombia	BR	1905	8	5
colombia	BR	1906	26	18
colombia	BR	1907	4	2
colombia	BR	1908	4	3
colombia	BR	1909	8	3
colombia	BR	1911	2	1
colombia	BR	1901	7	4
colombia	BR	1912	191	90
colombia	BR	1916	10	6
colombia	BR	1917	20	12
colombia	BR	1918	1	
colombia	BR	1919	3	1
colombia	BR	1920	3	2
colombia	BR	1921	16	8
colombia	BR	1922	39	25
colombia	BR	1870	1	1
colombia	BR	1923	3	2
colombia	BR	1914	2	2
colombia	BR	1900	6	4
colombia	BR	1910	22	9
colombia	BR	1898	628	299
colombia	BR	1872	1	
colombia	BR	1873	1	1
colombia	BR	1899	81	41
colombia	BR	1875	4	3
colombia	BR	1876	26	18
colombia	BR	1877	3	3
colombia	BR	1878	4	3
colombia	BR	1880	2	1
colombia	BR	1882	1	1
colombia	BR	1883	5	5
colombia	BR	1884	6	4
colombia	BR	1881	3	3
colombia	BR	1896	3	3
colombia	BR	1886	1	1
colombia	BR	1888	11	7
colombia	BR	1889	1	
colombia	BR	1891	5	3
colombia	BR	1892	3	3
colombia	BR	1894	6	2
colombia	BR	1895	3	3
colombia	BR	1885	3	2
colombia	BR	1897	12	11
colombia	CA	1980	1	1
colombia	CA	1972	934	253
colombia	CA	1973	876	115
colombia	CA	1974	492	110
colombia	CA	1979	1	1
colombia	CA	1976	89	9
colombia	CA	1977	33	19
colombia	CA	1978	4	3
colombia	CA	1971	526	194
colombia	CA	1975	296	53
colombia	CA	1970	342	150
colombia	CA	1960	36	24
colombia	CA	1968	2792	315
colombia	CA	1967	1551	134
colombia	CA	1966	514	200
colombia	CA	1965	333	148
colombia	CA	1964	172	104
colombia	CA	1963	90	56
colombia	CA	1962	95	56
colombia	CA	1961	95	17
colombia	CA	1959	172	108
colombia	CA	1981	2	2
colombia	CA	1958	5	5
colombia	CA	1969	908	208
colombia	CA	1982	12	10
colombia	CA	2012	1	1
colombia	CA	1984	8	6
colombia	CA	1957	16	13
colombia	CA	2017	304	111
colombia	CA	2015	1	
colombia	CA	2014	13	9
colombia	CA	2011	3	3
colombia	CA	2010	3	3
colombia	CA	2009	1	1
colombia	CA	2008	2	1
colombia	CA	2007	1	1
colombia	CA	2006	14	9
colombia	CA	2001	3	1
colombia	CA	1983	9	6
colombia	CA	2000	2	2
colombia	CA	1998	4	1
colombia	CA	1997	5	3
colombia	CA	1996	1	1
colombia	CA	1995	5	3
colombia	CA	1994	3	2
colombia	CA	1993	8	2
colombia	CA	1992	1	1
colombia	CA	1990	2	2
colombia	CA	1989	1	1
colombia	CA	1988	360	144
colombia	CA	1987	1	1
colombia	CA	1999	4	2
colombia	CA	1956	5	4
colombia	CA	1943	1	1
colombia	CA	1954	4	4
colombia	CA	1906	41	25
colombia	CA	1905	1	1
colombia	CA	1904	5	3
colombia	CA	1903	5	5
colombia	CA	1901	6	2
colombia	CA	1900	1	1
colombia	CA	1899	9	7
colombia	CA	1898	132	127
colombia	CA	1897	1	1
colombia	CA	1896	1	1
colombia	CA	1895	37	26
colombia	CA	1894	22	15
colombia	CA	1891	2	2
colombia	CA	1888	3	2
colombia	CA	1886	3	2
colombia	CA	1878	4	3
colombia	CA	1876	2	1
colombia	CA	1874	2	2
colombia	CA	1869	1	1
colombia	CA	1851	1	1
colombia	CA	1846	1	1
colombia	CA	1840	1	1
colombia	CA	1955	1	1
colombia	CA	1907	25	17
colombia	CA	1908	3	2
colombia	CA	1887	1	1
colombia	CA	1911	1	1
colombia	CA	1953	2	2
colombia	CA	1909	4	3
colombia	CA	1952	3	2
colombia	CA	1951	11	8
colombia	CA	1950	231	102
colombia	CA	1949	8	7
colombia	CA	1947	8	7
colombia	CA	1946	104	71
colombia	CA	1945	206	83
colombia	CA	1944	1	1
colombia	CA	1942	1	1
colombia	CA	1941	2	2
colombia	CA	1948	7	6
colombia	CA	1939	1	1
colombia	CA	1913	1	
colombia	CA	1940	6	
colombia	CA	1914	3	2
colombia	CA	1915	1	1
colombia	CA	1912	7	7
colombia	CA	1925	1	
colombia	CA	1917	1	1
colombia	CA	1927	1	1
colombia	CA	1928	3	1
colombia	CA	1930	1	1
colombia	CA	1934	11	4
colombia	CH	1973	55	26
colombia	CH	1974	77	38
colombia	CH	1971	29	17
colombia	CH	1975	45	20
colombia	CH	1972	53	32
colombia	CH	1976	43	23
colombia	CH	1981	21	13
colombia	CH	1978	31	17
colombia	CH	1979	25	15
colombia	CH	1980	22	10
colombia	CH	1982	65	24
colombia	CH	1983	46	15
colombia	CH	1970	49	21
colombia	CH	1984	32	16
colombia	CH	1977	24	17
colombia	CH	1969	30	19
colombia	CH	1957	7	5
colombia	CH	1967	128	31
colombia	CH	1985	61	21
colombia	CH	1953	4	2
colombia	CH	1954	3	
colombia	CH	1955	10	8
colombia	CH	1956	7	4
colombia	CH	1958	58	29
colombia	CH	1968	57	30
colombia	CH	1959	44	16
colombia	CH	1961	45	15
colombia	CH	1962	22	10
colombia	CH	1963	48	19
colombia	CH	1964	349	49
colombia	CH	1965	1182	70
colombia	CH	1966	24	17
colombia	CH	1960	4	4
colombia	CH	1986	36	19
colombia	CH	2013	128	74
colombia	CH	1988	35	20
colombia	CH	2008	83	35
colombia	CH	2009	112	62
colombia	CH	2010	158	64
colombia	CH	2011	124	52
colombia	CH	2012	181	80
colombia	CH	2014	163	73
colombia	CH	2007	80	41
colombia	CH	2015	185	87
colombia	CH	2017	198	104
colombia	CH	2018	163	90
colombia	CH	2019	73	32
colombia	CH	2020	26	12
colombia	CH	2021	10	4
colombia	CH	1952	5	3
colombia	CH	2016	244	122
colombia	CH	2006	97	38
colombia	CH	2005	112	44
colombia	CH	2004	157	57
colombia	CH	1989	159	11
colombia	CH	1990	42	22
colombia	CH	1991	41	18
colombia	CH	1992	63	34
colombia	CH	1993	62	16
colombia	CH	1994	71	29
colombia	CH	1995	63	26
colombia	CH	1996	69	36
colombia	CH	1997	143	50
colombia	CH	1998	79	36
colombia	CH	1999	51	28
colombia	CH	2000	362	136
colombia	CH	2001	274	116
colombia	CH	2002	150	64
colombia	CH	2003	152	59
colombia	CH	1987	41	22
colombia	CH	1951	5	2
colombia	CH	1884	49	40
colombia	CH	1949	3	2
colombia	CH	1896	1	1
colombia	CH	1897	2	1
colombia	CH	1898	35	24
colombia	CH	1899	26	17
colombia	CH	1900	5	
colombia	CH	1901	15	9
colombia	CH	1891	3	3
colombia	CH	1903	1	1
colombia	CH	1907	1	1
colombia	CH	1908	6	3
colombia	CH	1909	3	3
colombia	CH	1910	13	11
colombia	CH	1911	7	6
colombia	CH	1912	9	7
colombia	CH	1906	4	3
colombia	CH	1913	8	6
colombia	CH	1890	1	1
colombia	CH	1888	3	1
colombia	CH	1852	18	14
colombia	CH	1853	32	25
colombia	CH	1854	3	2
colombia	CH	1857	1	1
colombia	CH	1870	1	1
colombia	CH	1875	4	4
colombia	CH	1889	2	2
colombia	CH	1876	11	8
colombia	CH	1879	1	1
colombia	CH	1880	3	3
colombia	CH	1881	22	20
colombia	CH	1882	14	12
colombia	CH	1950	7	3
colombia	CH	1886	1	1
colombia	CH	1878	2	2
colombia	CH	1914	5	5
colombia	CH	1883	51	43
colombia	CH	1916	8	1
colombia	CH	1935	4	4
colombia	CH	1936	2	1
colombia	CH	1937	5	3
colombia	CH	1938	13	10
colombia	CH	1939	14	9
colombia	CH	1940	7	5
colombia	CH	1934	8	7
colombia	CH	1941	7	4
colombia	CH	1944	19	16
colombia	CH	1945	20	11
colombia	CH	1946	19	14
colombia	CH	1947	15	11
colombia	CH	1948	5	4
colombia	CH	1915	4	3
colombia	CH	1943	22	11
colombia	CH	1933	27	17
colombia	CH	1942	12	9
colombia	CH	1931	1	1
colombia	CH	1917	6	3
colombia	CH	1932	56	42
colombia	CH	1918	2	2
colombia	CH	1919	4	2
colombia	CH	1920	3	3
colombia	CH	1922	4	3
colombia	CH	1923	2	1
colombia	CH	1921	13	3
colombia	CH	1925	4	1
colombia	CH	1926	9	7
colombia	CH	1927	15	14
colombia	CH	1928	1	1
colombia	CH	1930	4	4
colombia	CH	1924	1	1
colombia	CH	1929	1	
colombia	CO	1954	981	544
colombia	CO	1960	2497	1012
colombia	CO	1959	4973	1887
colombia	CO	1958	2822	1290
colombia	CO	1956	1806	816
colombia	CO	1955	858	433
colombia	CO	1953	1999	945
colombia	CO	1961	3586	1588
colombia	CO	1957	1772	885
colombia	CO	1963	5417	2245
colombia	CO	1970	6281	2137
colombia	CO	1965	4656	2018
colombia	CO	1966	4557	1789
colombia	CO	1967	9543	2699
colombia	CO	1968	5193	1889
colombia	CO	1969	7910	2601
colombia	CO	1971	8916	3036
colombia	CO	1972	19506	4088
colombia	CO	1952	2861	1271
colombia	CO	1973	11834	3648
colombia	CO	1964	3672	1621
colombia	CO	1951	3263	1276
colombia	CO	1934	554	358
colombia	CO	1949	3755	1851
colombia	CO	1974	10996	3504
colombia	CO	1929	92	61
colombia	CO	1930	727	455
colombia	CO	1931	270	162
colombia	CO	1932	456	276
colombia	CO	1933	338	222
colombia	CO	1935	703	449
colombia	CO	1936	466	340
colombia	CO	1937	1127	720
colombia	CO	1950	2253	1269
colombia	CO	1938	2020	1113
colombia	CO	1940	5077	2233
colombia	CO	1941	3684	1765
colombia	CO	1942	1839	1004
colombia	CO	1943	2543	1340
colombia	CO	1944	4922	2407
colombia	CO	1945	2701	1382
colombia	CO	1946	4836	2176
colombia	CO	1947	3625	1690
colombia	CO	1948	5276	2088
colombia	CO	1939	5286	2563
colombia	CO	1975	14606	3490
colombia	CO	2010	141393	7606
colombia	CO	1977	16587	4710
colombia	CO	2002	114771	6911
colombia	CO	2003	251538	7526
colombia	CO	2004	162148	9470
colombia	CO	2005	140893	8541
colombia	CO	2006	110327	6851
colombia	CO	2007	104394	7565
colombia	CO	2008	90205	6390
colombia	CO	2009	135305	7717
colombia	CO	1928	149	100
colombia	CO	2001	90184	7641
colombia	CO	2011	149690	8286
colombia	CO	2013	302672	8849
colombia	CO	2014	484474	9941
colombia	CO	2015	584310	10003
colombia	CO	2016	725697	9445
colombia	CO	2017	1161362	11125
colombia	CO	2018	1843443	12347
colombia	CO	2019	2483911	11424
colombia	CO	2020	2086981	7982
colombia	CO	2021	185780	7046
colombia	CO	2012	204304	8039
colombia	CO	1976	17570	5204
colombia	CO	2000	111491	7773
colombia	CO	1998	76347	7465
colombia	CO	1978	9433	3179
colombia	CO	1979	23409	5680
colombia	CO	1980	21863	5727
colombia	CO	1981	17680	4578
colombia	CO	1982	15797	4436
colombia	CO	1983	21727	5508
colombia	CO	1984	22847	5796
colombia	CO	1985	24284	6273
colombia	CO	1986	26780	6838
colombia	CO	1999	61234	6630
colombia	CO	1987	31011	6434
colombia	CO	1989	37923	7516
colombia	CO	1990	38385	6817
colombia	CO	1991	36688	6592
colombia	CO	1992	35585	6399
colombia	CO	1993	29637	6360
colombia	CO	1994	30599	6224
colombia	CO	1995	45194	6933
colombia	CO	1996	49082	6542
colombia	CO	1997	189478	7508
colombia	CO	1988	29616	6785
colombia	CO	1927	467	273
colombia	CO	1962	3999	1798
colombia	CO	1925	88	53
colombia	CO	1839	2	1
colombia	CO	1842	3	3
colombia	CO	1843	11	7
colombia	CO	1844	7	6
colombia	CO	1845	2	2
colombia	CO	1846	6	6
colombia	CO	1850	1	
colombia	CO	1851	79	66
colombia	CO	1852	196	168
colombia	CO	1836	14	14
colombia	CO	1853	1109	821
colombia	CO	1855	339	273
colombia	CO	1856	429	345
colombia	CO	1857	12	8
colombia	CO	1859	21	15
colombia	CO	1860	8	4
colombia	CO	1861	2	1
colombia	CO	1862	18	14
colombia	CO	1863	1	
colombia	CO	1864	1	1
colombia	CO	1854	143	125
colombia	CO	1835	6	5
colombia	CO	1834	3	2
colombia	CO	1833	18	12
colombia	CO	1926	287	173
colombia	CO	1640	1	1
colombia	CO	1644	1	1
colombia	CO	1650	1	1
colombia	CO	1651	1	1
colombia	CO	1674	1	1
colombia	CO	1691	1	1
colombia	CO	1692	6	6
colombia	CO	1694	1	
colombia	CO	1695	1	1
colombia	CO	1696	1	1
colombia	CO	1697	2	2
colombia	CO	1699	1	1
colombia	CO	1760	13	6
colombia	CO	1783	395	250
colombia	CO	1798	2	2
colombia	CO	1800	2	2
colombia	CO	1801	7	4
colombia	CO	1805	3	1
colombia	CO	1808	1	
colombia	CO	1832	7	6
colombia	CO	1868	1	1
colombia	CO	1870	1	1
colombia	CO	1858	9	6
colombia	CO	1875	2	2
colombia	CO	1903	15	11
colombia	CO	1904	2	2
colombia	CO	1905	166	76
colombia	CO	1906	6	5
colombia	CO	1908	4	3
colombia	CO	1909	17	9
colombia	CO	1872	4	1
colombia	CO	1911	14	9
colombia	CO	1912	69	46
colombia	CO	1913	58	37
colombia	CO	1914	106	72
colombia	CO	1915	126	85
colombia	CO	1916	80	54
colombia	CO	1917	141	96
colombia	CO	1918	171	119
colombia	CO	1919	79	56
colombia	CO	1920	176	126
colombia	CO	1921	54	29
colombia	CO	1922	407	157
colombia	CO	1923	109	70
colombia	CO	1924	87	64
colombia	CO	1902	1	1
colombia	CO	1901	107	84
colombia	CO	1910	12	10
colombia	CO	1899	21	19
colombia	CO	1876	16	15
colombia	CO	1877	3	1
colombia	CO	1900	122	24
colombia	CO	1881	3	2
colombia	CO	1882	3	1
colombia	CO	1883	2	2
colombia	CO	1884	39	30
colombia	CO	1885	2	2
colombia	CO	1886	6	4
colombia	CO	1887	1	1
colombia	CO	1879	1	1
colombia	CO	1888	1	1
colombia	CO	1898	371	266
colombia	CO	1895	2	2
colombia	CO	1894	1	1
colombia	CO	1893	1	1
colombia	CO	1896	15	13
colombia	CO	1890	4	3
colombia	CO	1889	3	3
colombia	CO	1892	3	2
colombia	CR	1978	1	1
colombia	CR	1986	10	7
colombia	CR	1981	1	1
colombia	CR	1982	2	2
colombia	CR	1983	14	9
colombia	CR	1984	15	11
colombia	CR	1985	8	3
colombia	CR	1987	30	14
colombia	CR	1991	33	18
colombia	CR	1989	32	24
colombia	CR	1990	30	18
colombia	CR	1996	5	4
colombia	CR	1992	31	16
colombia	CR	1993	17	13
colombia	CR	1994	28	22
colombia	CR	1995	14	8
colombia	CR	1977	11	9
colombia	CR	1988	52	30
colombia	CR	1976	5	5
colombia	CR	1979	3	3
colombia	CR	1974	1	1
colombia	CR	1975	1	1
colombia	CR	1922	1	1
colombia	CR	1934	1	1
colombia	CR	1939	33	19
colombia	CR	1940	2	1
colombia	CR	1942	1	1
colombia	CR	1944	131	94
colombia	CR	1945	41	34
colombia	CR	1948	11	9
colombia	CR	1946	1	1
colombia	CR	1951	4	4
colombia	CR	1961	8	3
colombia	CR	1967	8	6
colombia	CR	1968	1	1
colombia	CR	1969	2	2
colombia	CR	1971	358	207
colombia	CR	1972	11	7
colombia	CR	1973	20	9
colombia	CR	1949	7	5
colombia	CZ	2008	5	3
colombia	CZ	2017	1	1
colombia	CZ	2009	69	12
colombia	CZ	2000	79	9
colombia	CZ	1999	1216	113
colombia	CZ	1992	1	1
colombia	CZ	1991	2	1
colombia	CZ	1980	2	1
colombia	CZ	1972	3	1
colombia	CZ	1998	1793	34
colombia	DE	1955	23	17
colombia	DE	1956	103	55
colombia	DE	1957	5	5
colombia	DE	1958	30	19
colombia	DE	1959	41	28
colombia	DE	1960	6	5
colombia	DE	1961	53	21
colombia	DE	1962	16	15
colombia	DE	1974	80	45
colombia	DE	1963	60	39
colombia	DE	1966	184	82
colombia	DE	1965	50	39
colombia	DE	1967	268	117
colombia	DE	1968	97	32
colombia	DE	1969	288	46
colombia	DE	1970	84	42
colombia	DE	1971	854	174
colombia	DE	1972	2159	416
colombia	DE	1973	1083	295
colombia	DE	1964	31	24
colombia	DE	1954	5	4
colombia	DE	1940	1	1
colombia	DE	1952	8	3
colombia	DE	1932	18	15
colombia	DE	1933	6	6
colombia	DE	1934	5	3
colombia	DE	1935	5	5
colombia	DE	1936	11	8
colombia	DE	1937	2	2
colombia	DE	1938	4	3
colombia	DE	1939	8	6
colombia	DE	1975	208	92
colombia	DE	1953	13	6
colombia	DE	1941	2	2
colombia	DE	1943	5	5
colombia	DE	1944	26	18
colombia	DE	1945	2	1
colombia	DE	1946	4	3
colombia	DE	1947	1	1
colombia	DE	1948	2	2
colombia	DE	1949	2	1
colombia	DE	1950	4	4
colombia	DE	1951	12	10
colombia	DE	1942	5	3
colombia	DE	1976	251	92
colombia	DE	1991	95	62
colombia	DE	1978	107	71
colombia	DE	2003	12	6
colombia	DE	2004	4	1
colombia	DE	2005	6	5
colombia	DE	2006	5	4
colombia	DE	2007	9	8
colombia	DE	2008	2	2
colombia	DE	2009	6	1
colombia	DE	2010	14	5
colombia	DE	2011	48	37
colombia	DE	2012	6	3
colombia	DE	2013	29	28
colombia	DE	2014	5	5
colombia	DE	2015	4	4
colombia	DE	2016	1121	507
colombia	DE	2017	1264	480
colombia	DE	2018	122	97
colombia	DE	2019	9	1
colombia	DE	2020	544	281
colombia	DE	1931	9	8
colombia	DE	2002	15	7
colombia	DE	2001	117	59
colombia	DE	2000	12	9
colombia	DE	1999	26	17
colombia	DE	1979	244	125
colombia	DE	1980	666	230
colombia	DE	1981	168	83
colombia	DE	1982	131	77
colombia	DE	1983	218	77
colombia	DE	1984	1396	489
colombia	DE	1985	1031	369
colombia	DE	1986	2186	769
colombia	DE	1987	169	132
colombia	DE	1977	102	54
colombia	DE	1988	1522	557
colombia	DE	1990	95	45
colombia	DE	1992	402	179
colombia	DE	1993	56	33
colombia	DE	1994	112	14
colombia	DE	1995	2008	108
colombia	DE	1996	9553	60
colombia	DE	2021	1	1
colombia	DE	1997	70	52
colombia	DE	1998	104	71
colombia	DE	1989	50	35
colombia	DE	1930	12	8
colombia	DE	1855	4	1
colombia	DE	1928	44	22
colombia	DE	1853	3	3
colombia	DE	1854	11	11
colombia	DE	1856	12	11
colombia	DE	1857	1	1
colombia	DE	1858	3	2
colombia	DE	1859	15	15
colombia	DE	1860	12	8
colombia	DE	1861	5	5
colombia	DE	1863	113	82
colombia	DE	1866	1	1
colombia	DE	1868	9	8
colombia	DE	1869	9	6
colombia	DE	1870	4	3
colombia	DE	1871	3	2
colombia	DE	1872	13	13
colombia	DE	1873	1	1
colombia	DE	1874	8	7
colombia	DE	1875	4	3
colombia	DE	1876	8	8
colombia	DE	1852	4	4
colombia	DE	1877	5	3
colombia	DE	1851	28	23
colombia	DE	1847	4	4
colombia	DE	1929	75	38
colombia	DE	1799	2	2
colombia	DE	1800	17	15
colombia	DE	1801	54	37
colombia	DE	1802	1	1
colombia	DE	1810	1	1
colombia	DE	1819	1	1
colombia	DE	1820	16	10
colombia	DE	1822	2	2
colombia	DE	1825	1	1
colombia	DE	1826	3	3
colombia	DE	1833	2	2
colombia	DE	1839	3	3
colombia	DE	1840	3	3
colombia	DE	1842	6	6
colombia	DE	1843	2	2
colombia	DE	1844	16	14
colombia	DE	1845	4	4
colombia	DE	1846	10	10
colombia	DE	1848	2	1
colombia	DE	1878	18	15
colombia	DE	1864	1	1
colombia	DE	1880	86	45
colombia	DE	1905	30	17
colombia	DE	1906	6	6
colombia	DE	1907	1	1
colombia	DE	1908	3	2
colombia	DE	1909	5	4
colombia	DE	1910	5	3
colombia	DE	1912	1	
colombia	DE	1913	21	13
colombia	DE	1914	2	1
colombia	DE	1904	7	4
colombia	DE	1916	1	1
colombia	DE	1919	1	1
colombia	DE	1920	1	1
colombia	DE	1921	2	2
colombia	DE	1922	68	39
colombia	DE	1923	6	6
colombia	DE	1924	2	2
colombia	DE	1925	6	6
colombia	DE	1926	30	23
colombia	DE	1927	32	20
colombia	DE	1879	51	43
colombia	DE	1903	6	5
colombia	DE	1917	3	2
colombia	DE	1900	2	2
colombia	DE	1902	18	16
colombia	DE	1882	26	24
colombia	DE	1883	34	30
colombia	DE	1884	31	23
colombia	DE	1886	22	21
colombia	DE	1887	14	11
colombia	DE	1888	42	35
colombia	DE	1889	9	9
colombia	DE	1890	13	11
colombia	DE	1885	13	9
colombia	DE	1881	23	18
colombia	DE	1892	35	21
colombia	DE	1893	17	13
colombia	DE	1894	3	3
colombia	DE	1895	7	7
colombia	DE	1896	98	40
colombia	DE	1897	190	85
colombia	DE	1898	87	67
colombia	DE	1891	39	38
colombia	DE	1899	50	38
colombia	DK	1988	7	4
colombia	DK	1987	30	21
colombia	DK	1986	41	26
colombia	DK	1985	16	13
colombia	DK	1984	10	7
colombia	DK	1978	1	1
colombia	DK	1982	9	8
colombia	DK	1981	5	4
colombia	DK	1979	24	21
colombia	DK	1989	11	8
colombia	DK	1983	3	3
colombia	DK	1980	8	6
colombia	DK	2006	6	1
colombia	DK	1992	1	1
colombia	DK	1995	171	81
colombia	DK	1997	4	4
colombia	DK	1998	2	2
colombia	DK	2000	4	3
colombia	DK	2001	11	1
colombia	DK	2004	4	2
colombia	DK	2009	30486	28
colombia	DK	2011	29259	52
colombia	DK	2016	6	
colombia	DK	1977	3	2
colombia	DK	1991	8	6
colombia	DK	1976	1	1
colombia	DK	1990	4	4
colombia	DK	1974	1	1
colombia	DK	1975	2	2
colombia	DK	1894	24	2
colombia	DK	1918	1	1
colombia	DK	1922	2	1
colombia	DK	1932	1	1
colombia	DK	1935	2	1
colombia	DK	1938	1	1
colombia	DK	1940	1	1
colombia	DK	1944	1	1
colombia	DK	1945	1	1
colombia	DK	1948	5	4
colombia	DK	1950	1	1
colombia	DK	1889	1	1
colombia	DK	1952	90	54
colombia	DK	1951	1	1
colombia	DK	1971	2	2
colombia	DK	1969	2	2
colombia	DK	1972	3	3
colombia	DK	1964	3	3
colombia	DK	1968	2	2
colombia	DK	1962	5	5
colombia	DK	1960	2	1
colombia	DK	1959	4	4
colombia	DK	1956	1	1
colombia	DK	1954	1	1
colombia	DK	1963	2	2
colombia	EE	1988	7	6
colombia	EE	1987	16	6
colombia	EE	1986	3	2
colombia	EE	1985	17	6
colombia	EE	1980	8	1
colombia	EE	1983	1	
colombia	EE	1982	1	
colombia	EE	1981	1	
colombia	EE	1989	4	1
colombia	EE	1984	11	1
colombia	EE	1990	12	6
colombia	EE	1998	25	21
colombia	EE	1992	4	2
colombia	EE	1994	2	2
colombia	EE	1995	6	4
colombia	EE	1997	8	3
colombia	EE	1999	1	
colombia	EE	2003	1	
colombia	EE	2012	42	12
colombia	EE	2014	131	8
colombia	EE	2015	1	1
colombia	EE	1979	25	3
colombia	EE	1991	11	8
colombia	EE	1978	2	1
colombia	EE	2005	5	4
colombia	EE	1976	3	1
colombia	EE	1977	5	
colombia	EE	1870	1	1
colombia	EE	1875	1547	88
colombia	EE	1876	1	
colombia	EE	1904	1	1
colombia	EE	1944	4	4
colombia	EE	1945	1	1
colombia	EE	1946	4	3
colombia	EE	1950	17	6
colombia	EE	1951	44	17
colombia	EE	1952	11	5
colombia	EE	1935	2	2
colombia	EE	1956	1	
colombia	EE	1975	2	1
colombia	EE	1953	5	3
colombia	EE	1974	4	2
colombia	EE	1973	6	
colombia	EE	1971	1	
colombia	EE	1972	4	2
colombia	EE	1967	16	4
colombia	EE	1966	7	2
colombia	EE	1965	2	1
colombia	EE	1964	1	1
colombia	EE	1960	1	1
colombia	ES	1966	36	22
colombia	ES	1963	56	21
colombia	ES	1964	51	31
colombia	ES	1965	155	102
colombia	ES	1962	58	32
colombia	ES	1967	452	255
colombia	ES	1972	117	45
colombia	ES	1969	261	157
colombia	ES	1970	33	28
colombia	ES	1971	31	19
colombia	ES	1973	121	56
colombia	ES	1974	100	50
colombia	ES	1961	58	33
colombia	ES	1968	39	27
colombia	ES	1960	16	9
colombia	ES	1948	126	68
colombia	ES	1958	232	150
colombia	ES	1943	206	138
colombia	ES	1944	337	192
colombia	ES	1945	65	46
colombia	ES	1946	279	195
colombia	ES	1947	136	90
colombia	ES	1975	73	40
colombia	ES	1949	112	55
colombia	ES	1950	43	27
colombia	ES	1951	54	40
colombia	ES	1952	61	43
colombia	ES	1953	37	28
colombia	ES	1954	17	12
colombia	ES	1955	10	6
colombia	ES	1956	17	11
colombia	ES	1957	40	20
colombia	ES	1959	144	84
colombia	ES	1976	177	116
colombia	ES	1989	841	293
colombia	ES	1978	39	20
colombia	ES	2000	94	63
colombia	ES	2001	56	29
colombia	ES	2002	32	15
colombia	ES	2003	114	29
colombia	ES	2004	155	31
colombia	ES	2005	237	107
colombia	ES	1999	161	75
colombia	ES	2006	83	36
colombia	ES	2008	98	35
colombia	ES	2009	148	72
colombia	ES	2014	2	1
colombia	ES	2018	20	1
colombia	ES	2019	3	1
colombia	ES	1942	53	25
colombia	ES	2007	225	64
colombia	ES	1998	671	305
colombia	ES	1997	70	42
colombia	ES	1995	325	210
colombia	ES	1979	360	228
colombia	ES	1980	148	71
colombia	ES	1981	74	31
colombia	ES	1982	194	71
colombia	ES	1983	147	48
colombia	ES	1984	90	41
colombia	ES	1985	187	66
colombia	ES	1986	1325	496
colombia	ES	1987	1175	517
colombia	ES	1988	329	175
colombia	ES	1990	781	302
colombia	ES	1991	246	118
colombia	ES	1992	781	195
colombia	ES	1993	1037	498
colombia	ES	1994	255	98
colombia	ES	1977	121	60
colombia	ES	1941	109	68
colombia	ES	1996	208	77
colombia	ES	1939	189	114
colombia	ES	1853	12	6
colombia	ES	1855	3	2
colombia	ES	1856	1	1
colombia	ES	1862	2	1
colombia	ES	1866	14	5
colombia	ES	1868	2	2
colombia	ES	1852	3	3
colombia	ES	1873	1	1
colombia	ES	1876	2	2
colombia	ES	1877	1	1
colombia	ES	1878	4	3
colombia	ES	1879	1	1
colombia	ES	1880	2	2
colombia	ES	1881	2	2
colombia	ES	1875	1	1
colombia	ES	1851	7	2
colombia	ES	1850	1	1
colombia	ES	1940	153	84
colombia	ES	1784	1	1
colombia	ES	1801	1	1
colombia	ES	1805	1	1
colombia	ES	1814	1	1
colombia	ES	1829	1	1
colombia	ES	1831	1	1
colombia	ES	1832	1	1
colombia	ES	1841	4	3
colombia	ES	1842	3	1
colombia	ES	1843	9	6
colombia	ES	1844	14	10
colombia	ES	1846	2	2
colombia	ES	1847	1	1
colombia	ES	1848	1	1
colombia	ES	1849	2	1
colombia	ES	1883	3	2
colombia	ES	1888	1	1
colombia	ES	1845	2	2
colombia	ES	1898	81	60
colombia	ES	1925	1	1
colombia	ES	1926	171	139
colombia	ES	1927	287	197
colombia	ES	1928	16	12
colombia	ES	1929	6	6
colombia	ES	1930	125	107
colombia	ES	1924	15	3
colombia	ES	1931	58	39
colombia	ES	1934	64	37
colombia	ES	1935	35	22
colombia	ES	1936	32	16
colombia	ES	1937	12	8
colombia	ES	1938	154	99
colombia	ES	1896	2	2
colombia	ES	1932	1571	706
colombia	ES	1923	3	3
colombia	ES	1933	95	66
colombia	ES	1921	1	1
colombia	ES	1899	6	2
colombia	ES	1922	45	15
colombia	ES	1901	1	1
colombia	ES	1903	4	4
colombia	ES	1906	2	2
colombia	ES	1907	1	1
colombia	ES	1909	3	3
colombia	ES	1910	3	2
colombia	ES	1904	1	1
colombia	ES	1912	1	1
colombia	ES	1916	27	24
colombia	ES	1917	23	14
colombia	ES	1918	10	6
colombia	ES	1911	1	1
colombia	ES	1919	4	4
colombia	ES	1920	18	14
colombia	FI	1860	4	2
colombia	FI	1861	1	
colombia	FR	1952	308	181
colombia	FR	1951	205	97
colombia	FR	1950	16	13
colombia	FR	1947	73	53
colombia	FR	1948	6	5
colombia	FR	1953	44	37
colombia	FR	1945	67	57
colombia	FR	1946	309	218
colombia	FR	1949	22	19
colombia	FR	1954	7	4
colombia	FR	1962	31	21
colombia	FR	1956	29	15
colombia	FR	1957	7	6
colombia	FR	1958	192	93
colombia	FR	1959	93	63
colombia	FR	1960	11	10
colombia	FR	1961	114	55
colombia	FR	1963	191	78
colombia	FR	1944	300	224
colombia	FR	1964	391	65
colombia	FR	1955	1	1
colombia	FR	1943	127	100
colombia	FR	1923	17	14
colombia	FR	1941	42	40
colombia	FR	1965	433	75
colombia	FR	1919	4	4
colombia	FR	1920	20	15
colombia	FR	1921	7	4
colombia	FR	1922	16	14
colombia	FR	1924	44	28
colombia	FR	1925	9	6
colombia	FR	1926	31	19
colombia	FR	1927	27	24
colombia	FR	1928	6	5
colombia	FR	1930	7	7
colombia	FR	1931	10	7
colombia	FR	1932	4	3
colombia	FR	1933	31	13
colombia	FR	1934	33	24
colombia	FR	1935	18	14
colombia	FR	1936	10	8
colombia	FR	1937	5	5
colombia	FR	1938	97	84
colombia	FR	1939	54	44
colombia	FR	1940	61	53
colombia	FR	1942	33	24
colombia	FR	1966	283	93
colombia	FR	2006	1	1
colombia	FR	1968	884	213
colombia	FR	1994	24	13
colombia	FR	1995	15	6
colombia	FR	1996	15	9
colombia	FR	1998	16	14
colombia	FR	1999	3	1
colombia	FR	2000	3	2
colombia	FR	2001	6	2
colombia	FR	2002	5	3
colombia	FR	2005	1	1
colombia	FR	1918	16	12
colombia	FR	2010	3	3
colombia	FR	2011	21	18
colombia	FR	2012	40	20
colombia	FR	2013	2	1
colombia	FR	2014	5	5
colombia	FR	2015	42	35
colombia	FR	2016	180	80
colombia	FR	2017	167	60
colombia	FR	2018	1343	160
colombia	FR	2019	7158	316
colombia	FR	2020	8045	392
colombia	FR	1993	50	27
colombia	FR	1967	330	101
colombia	FR	1992	16	10
colombia	FR	1990	11	8
colombia	FR	1969	435	231
colombia	FR	1970	477	139
colombia	FR	1971	321	168
colombia	FR	1972	116	70
colombia	FR	1973	330	164
colombia	FR	1974	842	264
colombia	FR	1975	332	63
colombia	FR	1976	116	66
colombia	FR	1977	62	42
colombia	FR	1978	9	7
colombia	FR	1979	21	18
colombia	FR	1980	18	14
colombia	FR	1981	1	1
colombia	FR	1982	7	6
colombia	FR	1983	27	14
colombia	FR	1984	14	14
colombia	FR	1985	8	7
colombia	FR	1986	8	8
colombia	FR	1987	18	12
colombia	FR	1988	23	18
colombia	FR	1989	13	10
colombia	FR	1991	14	10
colombia	FR	1917	31	26
colombia	FR	1929	32	18
colombia	FR	1915	2	2
colombia	FR	1840	23	16
colombia	FR	1842	101	63
colombia	FR	1843	443	270
colombia	FR	1844	695	488
colombia	FR	1845	50	37
colombia	FR	1846	271	145
colombia	FR	1847	113	65
colombia	FR	1848	8	6
colombia	FR	1849	63	48
colombia	FR	1850	67	45
colombia	FR	1851	595	443
colombia	FR	1852	152	103
colombia	FR	1853	101	74
colombia	FR	1854	52	43
colombia	FR	1855	34	27
colombia	FR	1856	63	48
colombia	FR	1857	23	15
colombia	FR	1858	27	14
colombia	FR	1859	81	47
colombia	FR	1860	144	86
colombia	FR	1861	96	35
colombia	FR	1839	1	1
colombia	FR	1862	137	68
colombia	FR	1838	1	1
colombia	FR	1836	3	1
colombia	FR	1916	5	3
colombia	FR	1801	280	132
colombia	FR	1804	10	3
colombia	FR	1805	44	22
colombia	FR	1806	1	1
colombia	FR	1808	1	1
colombia	FR	1811	1	1
colombia	FR	1816	1	1
colombia	FR	1817	1	1
colombia	FR	1823	1	1
colombia	FR	1824	3	3
colombia	FR	1826	2	2
colombia	FR	1827	2	1
colombia	FR	1828	2	2
colombia	FR	1829	1	1
colombia	FR	1830	18	9
colombia	FR	1831	3	1
colombia	FR	1832	4	4
colombia	FR	1833	18	11
colombia	FR	1834	1	1
colombia	FR	1835	1	1
colombia	FR	1837	2	2
colombia	FR	1863	85	49
colombia	FR	1841	4	3
colombia	FR	1865	4	3
colombia	FR	1894	9	8
colombia	FR	1895	10	10
colombia	FR	1896	6	3
colombia	FR	1897	16	13
colombia	FR	1898	859	417
colombia	FR	1899	121	67
colombia	FR	1900	5	3
colombia	FR	1901	12	3
colombia	FR	1902	1	1
colombia	FR	1903	1	1
colombia	FR	1904	17	7
colombia	FR	1905	129	31
colombia	FR	1906	47	24
colombia	FR	1907	15	10
colombia	FR	1908	16	11
colombia	FR	1909	43	25
colombia	FR	1910	201	63
colombia	FR	1911	2	
colombia	FR	1912	12	7
colombia	FR	1864	3	2
colombia	FR	1914	6	5
colombia	FR	1892	2	2
colombia	FR	1891	11	7
colombia	FR	1913	1	1
colombia	FR	1889	6	4
colombia	FR	1890	3	2
colombia	FR	1866	2	2
colombia	FR	1868	14	9
colombia	FR	1869	9	7
colombia	FR	1871	5	5
colombia	FR	1872	5	5
colombia	FR	1873	2	2
colombia	FR	1874	22	13
colombia	FR	1875	6	6
colombia	FR	1876	14	12
colombia	FR	1877	24	17
colombia	FR	1867	2	2
colombia	FR	1878	10	8
colombia	FR	1879	5	4
colombia	FR	1880	2	2
colombia	FR	1881	13	10
colombia	FR	1882	4	3
colombia	FR	1883	5	3
colombia	FR	1884	5	4
colombia	FR	1886	20	16
colombia	FR	1887	2	2
colombia	FR	1888	217	154
colombia	GB	1957	75	46
colombia	GB	1956	16	11
colombia	GB	1955	18	13
colombia	GB	1954	4	3
colombia	GB	1950	129	101
colombia	GB	1952	74	53
colombia	GB	1951	51	33
colombia	GB	1970	41	24
colombia	GB	1953	29	21
colombia	GB	1958	33	18
colombia	GB	1963	10	8
colombia	GB	1960	11	10
colombia	GB	1961	20	10
colombia	GB	1962	25	19
colombia	GB	1969	85	52
colombia	GB	1964	19	11
colombia	GB	1965	24	12
colombia	GB	1966	19	9
colombia	GB	1967	40	26
colombia	GB	1968	29	21
colombia	GB	1949	169	116
colombia	GB	1959	36	32
colombia	GB	1948	111	27
colombia	GB	1936	17	16
colombia	GB	1946	80	62
colombia	GB	1971	62	33
colombia	GB	1924	83	50
colombia	GB	1925	2	2
colombia	GB	1926	60	46
colombia	GB	1927	109	83
colombia	GB	1928	2	2
colombia	GB	1929	1	1
colombia	GB	1930	46	41
colombia	GB	1931	35	24
colombia	GB	1932	176	115
colombia	GB	1933	65	42
colombia	GB	1934	18	15
colombia	GB	1935	20	18
colombia	GB	1938	106	50
colombia	GB	1939	1386	609
colombia	GB	1940	39	4
colombia	GB	1941	43	32
colombia	GB	1942	22	17
colombia	GB	1943	35	30
colombia	GB	1944	119	94
colombia	GB	1945	41	36
colombia	GB	1947	49	41
colombia	GB	1972	112	63
colombia	GB	2021	7	1
colombia	GB	1974	151	62
colombia	GB	2001	118	32
colombia	GB	2002	47	15
colombia	GB	2003	194	18
colombia	GB	2004	130	29
colombia	GB	2005	130	33
colombia	GB	2006	243	92
colombia	GB	2007	389	61
colombia	GB	2008	834	118
colombia	GB	2009	492	81
colombia	GB	2010	600	90
colombia	GB	2011	770	124
colombia	GB	2012	529	91
colombia	GB	2013	2122	179
colombia	GB	2014	936	160
colombia	GB	2015	4339	152
colombia	GB	2016	1742	122
colombia	GB	2017	592	78
colombia	GB	2018	556	52
colombia	GB	2019	255	62
colombia	GB	2020	17	2
colombia	GB	1923	5	5
colombia	GB	2000	107	25
colombia	GB	1999	63	18
colombia	GB	1998	414	42
colombia	GB	1997	118	51
colombia	GB	1975	183	75
colombia	GB	1976	277	118
colombia	GB	1977	51	32
colombia	GB	1978	150	37
colombia	GB	1979	111	82
colombia	GB	1980	24	11
colombia	GB	1981	19	12
colombia	GB	1982	158	29
colombia	GB	1983	106	47
colombia	GB	1984	104	52
colombia	GB	1973	54	37
colombia	GB	1985	90	50
colombia	GB	1987	170	98
colombia	GB	1988	68	46
colombia	GB	1989	63	46
colombia	GB	1990	92	46
colombia	GB	1991	29	18
colombia	GB	1992	78	36
colombia	GB	1993	121	72
colombia	GB	1994	84	25
colombia	GB	1995	62	32
colombia	GB	1996	33	17
colombia	GB	1986	66	35
colombia	GB	1922	77	67
colombia	GB	1937	40	28
colombia	GB	1920	12	11
colombia	GB	1848	12	9
colombia	GB	1849	3	2
colombia	GB	1850	18	15
colombia	GB	1851	80	70
colombia	GB	1852	87	70
colombia	GB	1853	257	224
colombia	GB	1854	55	47
colombia	GB	1855	75	67
colombia	GB	1856	63	56
colombia	GB	1857	9	8
colombia	GB	1858	6	6
colombia	GB	1859	70	34
colombia	GB	1860	114	64
colombia	GB	1861	66	30
colombia	GB	1862	3	2
colombia	GB	1863	193	73
colombia	GB	1865	16	13
colombia	GB	1866	26	21
colombia	GB	1867	31	31
colombia	GB	1868	55	44
colombia	GB	1869	45	31
colombia	GB	1846	43	39
colombia	GB	1845	31	25
colombia	GB	1844	24	23
colombia	GB	1843	9	6
colombia	GB	1774	1	1
colombia	GB	1779	2	1
colombia	GB	1785	1	1
colombia	GB	1786	1	1
colombia	GB	1800	2	2
colombia	GB	1809	1	1
colombia	GB	1816	2	2
colombia	GB	1819	3	3
colombia	GB	1822	2	2
colombia	GB	1823	1	1
colombia	GB	1870	43	28
colombia	GB	1826	1	1
colombia	GB	1828	2	2
colombia	GB	1829	4	1
colombia	GB	1832	2	2
colombia	GB	1835	2	2
colombia	GB	1836	5	5
colombia	GB	1837	13	10
colombia	GB	1839	1	1
colombia	GB	1840	2	2
colombia	GB	1841	5	4
colombia	GB	1842	62	50
colombia	GB	1827	3	2
colombia	GB	1871	20	18
colombia	GB	1847	28	26
colombia	GB	1873	47	38
colombia	GB	1899	112	69
colombia	GB	1900	11	5
colombia	GB	1901	16	8
colombia	GB	1902	23	13
colombia	GB	1903	16	16
colombia	GB	1904	3	3
colombia	GB	1905	32	8
colombia	GB	1921	5	5
colombia	GB	1906	11	8
colombia	GB	1907	363	116
colombia	GB	1898	313	225
colombia	GB	1908	27	22
colombia	GB	1910	24	22
colombia	GB	1911	102	58
colombia	GB	1912	51	37
colombia	GB	1913	36	23
colombia	GB	1914	127	68
colombia	GB	1915	19	19
colombia	GB	1916	40	8
colombia	GB	1917	45	34
colombia	GB	1918	20	17
colombia	GB	1872	70	55
colombia	GB	1909	56	43
colombia	GB	1897	26	19
colombia	GB	1919	6	5
colombia	GB	1895	82	24
colombia	GB	1874	28	23
colombia	GB	1875	36	26
colombia	GB	1876	325	208
colombia	GB	1877	29	18
colombia	GB	1878	164	127
colombia	GB	1879	164	108
colombia	GB	1880	85	60
colombia	GB	1881	92	74
colombia	GB	1882	82	60
colombia	GB	1883	168	109
colombia	GB	1884	162	104
colombia	GB	1886	60	32
colombia	GB	1887	10	9
colombia	GB	1888	6	6
colombia	GB	1889	9	9
colombia	GB	1890	23	16
colombia	GB	1891	3	2
colombia	GB	1892	14	12
colombia	GB	1893	5	2
colombia	GB	1894	24	14
colombia	GB	1896	31	23
colombia	GB	1885	18	13
colombia	GH	1963	1	1
colombia	GH	1951	1	1
colombia	GH	1949	1	1
colombia	GH	1946	1	1
colombia	GH	1945	2	2
colombia	GT	1990	1	1
colombia	GT	1993	1	1
colombia	GT	1994	1	1
colombia	IT	1912	1	1
colombia	IT	1951	1	
colombia	JP	1985	144	45
colombia	JP	1984	346	107
colombia	JP	1983	193	70
colombia	JP	1982	149	42
colombia	JP	1981	128	54
colombia	JP	1980	232	82
colombia	JP	1979	184	83
colombia	JP	1978	318	111
colombia	JP	1975	76	23
colombia	JP	1976	88	24
colombia	JP	1986	48	30
colombia	JP	1974	64	20
colombia	JP	1973	1419	261
colombia	JP	1970	88	46
colombia	JP	1972	119	45
colombia	JP	1971	37	21
colombia	JP	1977	83	34
colombia	JP	1987	71	24
colombia	JP	2014	3	3
colombia	JP	1989	66	31
colombia	JP	1969	65	30
colombia	JP	2016	4	4
colombia	JP	2015	9	7
colombia	JP	2013	3	2
colombia	JP	2012	3	2
colombia	JP	2011	1	1
colombia	JP	1999	3	1
colombia	JP	1988	70	34
colombia	JP	1998	11	2
colombia	JP	1996	2	2
colombia	JP	1995	19	7
colombia	JP	1994	24	19
colombia	JP	1993	19	4
colombia	JP	1992	17	10
colombia	JP	1991	63	20
colombia	JP	1990	81	23
colombia	JP	1997	12	7
colombia	JP	1968	122	73
colombia	JP	1929	1	1
colombia	JP	1966	52	33
colombia	JP	1937	1	
colombia	JP	1935	1	1
colombia	JP	1933	1	1
colombia	JP	1932	1	1
colombia	JP	1931	1	1
colombia	JP	1927	1	1
colombia	JP	1926	1	1
colombia	JP	1911	3	3
colombia	JP	1903	1	1
colombia	JP	1888	3	3
colombia	JP	1886	1	1
colombia	JP	1864	1	1
colombia	JP	1861	1	1
colombia	JP	1850	1	1
colombia	JP	1967	68	43
colombia	JP	1939	1	1
colombia	JP	1944	1	1
colombia	JP	1898	2	2
colombia	JP	1948	2	1
colombia	JP	1965	19	16
colombia	JP	1945	1	1
colombia	JP	1964	11	10
colombia	JP	1963	21	18
colombia	JP	1961	5	3
colombia	JP	1960	9	7
colombia	JP	1959	4	3
colombia	JP	1958	4	3
colombia	JP	1962	128	13
colombia	JP	1956	6	4
colombia	JP	1950	30	11
colombia	JP	1955	1	1
colombia	JP	1954	6	1
colombia	JP	1953	5	2
colombia	JP	1952	37	11
colombia	JP	1957	4	2
colombia	JP	1951	24	11
colombia	LU	1912	1	
colombia	MX	1975	30	26
colombia	MX	1976	106	96
colombia	MX	1977	101	56
colombia	MX	1978	14	13
colombia	MX	1981	32	21
colombia	MX	1980	224	175
colombia	MX	1982	88	60
colombia	MX	1974	73	59
colombia	MX	1983	284	210
colombia	MX	1984	342	261
colombia	MX	1979	387	304
colombia	MX	1973	369	148
colombia	MX	1965	110	28
colombia	MX	1971	97	49
colombia	MX	1970	35	24
colombia	MX	1969	78	39
colombia	MX	1968	118	35
colombia	MX	1967	86	32
colombia	MX	1966	24	20
colombia	MX	1964	12	8
colombia	MX	1963	21	13
colombia	MX	1962	2	2
colombia	MX	1985	254	183
colombia	MX	1961	2	2
colombia	MX	1972	458	126
colombia	MX	1986	431	310
colombia	MX	2004	19	14
colombia	MX	1988	698	434
colombia	MX	1960	2	1
colombia	MX	2013	3	3
colombia	MX	2012	28	11
colombia	MX	2011	11	6
colombia	MX	2010	26	8
colombia	MX	2009	2	2
colombia	MX	2008	2	1
colombia	MX	2007	3	2
colombia	MX	2005	2	2
colombia	MX	2003	16	13
colombia	MX	2002	20	15
colombia	MX	2001	23	16
colombia	MX	2000	11	8
colombia	MX	2016	2	2
colombia	MX	1999	18	15
colombia	MX	1998	45	26
colombia	MX	1997	73	30
colombia	MX	1996	35	23
colombia	MX	1995	136	65
colombia	MX	1994	62	36
colombia	MX	1993	106	49
colombia	MX	1992	207	98
colombia	MX	1991	386	210
colombia	MX	1990	360	225
colombia	MX	1989	506	357
colombia	MX	1987	879	523
colombia	MX	1959	23	21
colombia	MX	1884	1	1
colombia	MX	1957	19	17
colombia	MX	1917	3	2
colombia	MX	1916	2	2
colombia	MX	1912	1	1
colombia	MX	1911	2	1
colombia	MX	1906	2	2
colombia	MX	1901	7	7
colombia	MX	1899	3	2
colombia	MX	1898	127	116
colombia	MX	1896	2	2
colombia	MX	1895	1	1
colombia	MX	1876	1	1
colombia	MX	1922	3	2
colombia	MX	1875	3	2
colombia	MX	1856	2	2
colombia	MX	1855	2	1
colombia	MX	1854	4	4
colombia	MX	1853	11	7
colombia	MX	1852	2	2
colombia	MX	1851	71	52
colombia	MX	1850	1	1
colombia	MX	1844	1	1
colombia	MX	1842	2	1
colombia	MX	1805	1	1
colombia	MX	1958	12	11
colombia	MX	1863	2	1
colombia	MX	1926	1	1
colombia	MX	1918	2	1
colombia	MX	1929	1	1
colombia	MX	1956	112	15
colombia	MX	1954	1	1
colombia	MX	1953	22	17
colombia	MX	1952	11	8
colombia	MX	1951	4	3
colombia	MX	1950	6	5
colombia	MX	1949	19	15
colombia	MX	1948	9	7
colombia	MX	1947	37	32
colombia	MX	1946	16	15
colombia	MX	1927	9	8
colombia	MX	1944	32	20
colombia	MX	1945	12	7
colombia	MX	1942	8	7
colombia	MX	1930	2	
colombia	MX	1932	5	5
colombia	MX	1943	27	25
colombia	MX	1935	7	7
colombia	MX	1936	17	4
colombia	MX	1933	1	1
colombia	MX	1938	2	2
colombia	MX	1939	30	20
colombia	MX	1940	4	3
colombia	MX	1941	4	2
colombia	MX	1937	1	1
colombia	NI	1973	1	
colombia	NI	2009	11	2
colombia	NI	1986	2	1
colombia	NI	1984	2	
colombia	NI	1978	2	1
colombia	NI	1968	8	1
colombia	NI	1901	3	1
colombia	NI	1960	2	1
colombia	NI	1958	1	
colombia	NI	1957	2	1
colombia	NI	1927	1	1
colombia	NI	1967	1	
colombia	NI	1800	2	1
colombia	NL	1955	85	72
colombia	NL	1956	212	101
colombia	NL	1957	96	67
colombia	NL	1958	170	128
colombia	NL	1959	141	108
colombia	NL	1960	55	41
colombia	NL	1961	138	99
colombia	NL	1962	79	64
colombia	NL	1963	140	80
colombia	NL	1965	223	137
colombia	NL	1954	31	28
colombia	NL	1966	631	247
colombia	NL	1967	2033	728
colombia	NL	1968	61	41
colombia	NL	1969	577	306
colombia	NL	1970	1636	377
colombia	NL	1971	1026	278
colombia	NL	1972	6348	1146
colombia	NL	1973	4157	877
colombia	NL	1964	146	104
colombia	NL	1953	284	188
colombia	NL	1950	194	130
colombia	NL	1951	940	519
colombia	NL	1974	1021	551
colombia	NL	1933	20	16
colombia	NL	1934	19	15
colombia	NL	1935	23	18
colombia	NL	1936	18	17
colombia	NL	1937	84	55
colombia	NL	1938	156	131
colombia	NL	1939	440	321
colombia	NL	1940	85	67
colombia	NL	2021	881	408
colombia	NL	1942	69	54
colombia	NL	1943	364	195
colombia	NL	1932	219	178
colombia	NL	1944	530	318
colombia	NL	1945	144	112
colombia	NL	1946	960	545
colombia	NL	1947	159	116
colombia	NL	1948	56	36
colombia	NL	1949	50	43
colombia	NL	1952	1065	567
colombia	NL	1975	185	127
colombia	NL	2009	866	365
colombia	NL	1977	1795	663
colombia	NL	2002	1143	215
colombia	NL	2003	193	60
colombia	NL	2004	211	97
colombia	NL	2005	745	222
colombia	NL	2006	595	158
colombia	NL	2007	1362	417
colombia	NL	2008	1085	435
colombia	NL	2010	1250	461
colombia	NL	2011	1900	652
colombia	NL	2012	1917	724
colombia	NL	2013	1394	574
colombia	NL	2014	2311	663
colombia	NL	2015	1605	538
colombia	NL	2016	3653	804
colombia	NL	2017	3158	780
colombia	NL	2018	1716	750
colombia	NL	2019	1951	692
colombia	NL	2020	2427	740
colombia	NL	1931	23	18
colombia	NL	2001	1289	356
colombia	NL	2000	2263	452
colombia	NL	1999	372	166
colombia	NL	1998	810	298
colombia	NL	1978	973	234
colombia	NL	1979	1043	496
colombia	NL	1980	6903	725
colombia	NL	1981	3325	451
colombia	NL	1982	171	103
colombia	NL	1983	2391	470
colombia	NL	1984	690	367
colombia	NL	1985	1160	657
colombia	NL	1986	8327	1200
colombia	NL	1976	1676	515
colombia	NL	1987	5047	744
colombia	NL	1989	7883	935
colombia	NL	1990	857	460
colombia	NL	1991	1647	529
colombia	NL	1992	1037	357
colombia	NL	1993	428	254
colombia	NL	1994	436	280
colombia	NL	1995	473	220
colombia	NL	1996	554	234
colombia	NL	1997	499	239
colombia	NL	1988	3512	668
colombia	NL	1930	29	21
colombia	NL	1941	317	246
colombia	NL	1928	18	16
colombia	NL	1859	4	3
colombia	NL	1860	13	12
colombia	NL	1861	1	1
colombia	NL	1862	4	3
colombia	NL	1864	14	8
colombia	NL	1865	2	2
colombia	NL	1866	3	1
colombia	NL	1867	1	1
colombia	NL	1868	4	4
colombia	NL	1869	2	2
colombia	NL	1870	2	2
colombia	NL	1871	33	18
colombia	NL	1872	3	1
colombia	NL	1873	2	2
colombia	NL	1874	1	1
colombia	NL	1876	7	5
colombia	NL	1877	1	1
colombia	NL	1878	4	4
colombia	NL	1879	3	2
colombia	NL	1858	2	2
colombia	NL	1854	4	1
colombia	NL	1853	2	2
colombia	NL	1852	1	1
colombia	NL	1929	5	4
colombia	NL	1777	3	1
colombia	NL	1800	2	2
colombia	NL	1808	2	1
colombia	NL	1811	1	1
colombia	NL	1826	1	1
colombia	NL	1827	1	1
colombia	NL	1828	1	1
colombia	NL	1834	2	2
colombia	NL	1880	2	2
colombia	NL	1839	1	1
colombia	NL	1842	8	5
colombia	NL	1843	6	5
colombia	NL	1844	23	21
colombia	NL	1846	10	8
colombia	NL	1847	3	2
colombia	NL	1848	4	3
colombia	NL	1849	1	1
colombia	NL	1850	2	1
colombia	NL	1851	7	6
colombia	NL	1841	2	2
colombia	NL	1881	4	4
colombia	NL	1863	9	4
colombia	NL	1883	3	1
colombia	NL	1907	48	37
colombia	NL	1908	32	25
colombia	NL	1909	149	117
colombia	NL	1910	5	3
colombia	NL	1911	5	5
colombia	NL	1912	29	22
colombia	NL	1913	10	8
colombia	NL	1914	3	2
colombia	NL	1916	4	4
colombia	NL	1906	16	16
colombia	NL	1917	6	5
colombia	NL	1919	19	11
colombia	NL	1920	5	1
colombia	NL	1921	9	4
colombia	NL	1882	5	2
colombia	NL	1923	12	7
colombia	NL	1924	4	4
colombia	NL	1925	8	7
colombia	NL	1926	11	10
colombia	NL	1927	22	20
colombia	NL	1918	5	4
colombia	NL	1905	24	17
colombia	NL	1922	15	12
colombia	NL	1903	6	5
colombia	NL	1904	15	13
colombia	NL	1884	16	8
colombia	NL	1885	12	7
colombia	NL	1887	3	3
colombia	NL	1888	10	8
colombia	NL	1889	20	10
colombia	NL	1890	3	2
colombia	NL	1891	24	8
colombia	NL	1892	15	6
colombia	NL	1893	6	2
colombia	NL	1886	30	17
colombia	NL	1895	7	4
colombia	NL	1896	80	61
colombia	NL	1897	11	5
colombia	NL	1898	2970	1344
colombia	NL	1899	21	16
colombia	NL	1900	22	11
colombia	NL	1901	48	34
colombia	NL	1894	1	
colombia	NL	1902	8	5
colombia	NO	1971	1	1
colombia	NO	1970	4	1
colombia	NO	1969	6	6
colombia	NO	1968	19	17
colombia	NO	1967	1	1
colombia	NO	1966	1	1
colombia	NO	1964	4	3
colombia	NO	1959	2	2
colombia	NO	1960	1	1
colombia	NO	1957	1	1
colombia	NO	1955	4	
colombia	NO	1953	4	4
colombia	NO	1972	4	3
colombia	NO	1952	3	3
colombia	NO	1961	3	3
colombia	NO	1973	6	4
colombia	NO	1988	7	6
colombia	NO	1976	11	7
colombia	NO	1951	3	3
colombia	NO	2011	1	1
colombia	NO	2002	1	
colombia	NO	2001	10	9
colombia	NO	1994	2	2
colombia	NO	1992	1	1
colombia	NO	1991	1	1
colombia	NO	1987	2	2
colombia	NO	1986	3	2
colombia	NO	1985	3	3
colombia	NO	1984	8	3
colombia	NO	1982	2	2
colombia	NO	1980	2	2
colombia	NO	1978	442	225
colombia	NO	1977	4	4
colombia	NO	1974	6	2
colombia	NO	1949	2	2
colombia	NO	1859	1	1
colombia	NO	1947	1	1
colombia	NO	1903	1	1
colombia	NO	1900	4	2
colombia	NO	1899	1	1
colombia	NO	1898	6	5
colombia	NO	1895	8	2
colombia	NO	1892	1	1
colombia	NO	1904	2	2
colombia	NO	1890	2	2
colombia	NO	1885	17	13
colombia	NO	1948	1	
colombia	NO	1874	1	1
colombia	NO	1863	2	2
colombia	NO	1860	1	1
colombia	NO	1817	1	1
colombia	NO	1889	4	3
colombia	NO	1905	1	1
colombia	NO	1875	1	1
colombia	NO	1907	3	3
colombia	NO	1906	5	4
colombia	NO	1946	5	5
colombia	NO	1944	6	5
colombia	NO	1942	1	1
colombia	NO	1935	2	2
colombia	NO	1930	1	1
colombia	NO	1927	1	1
colombia	NO	1943	1	1
colombia	NO	1915	2	2
colombia	NO	1914	1	1
colombia	NO	1913	2	2
colombia	NO	1912	3	3
colombia	NO	1911	4	3
colombia	NO	1909	1	1
colombia	NO	1925	2	2
colombia	NO	1908	1	1
colombia	NZ	1994	1	
colombia	NZ	1992	3	2
colombia	NZ	1991	19	14
colombia	NZ	1986	5	1
colombia	NZ	1983	2	1
colombia	NZ	1984	6	2
colombia	NZ	1981	4	1
colombia	NZ	1980	1	1
colombia	NZ	1995	1	
colombia	NZ	1985	11	8
colombia	NZ	1998	31	17
colombia	NZ	2007	18	5
colombia	NZ	2000	25	7
colombia	NZ	2001	438	73
colombia	NZ	2002	202	35
colombia	NZ	2003	37	15
colombia	NZ	2004	21	8
colombia	NZ	2005	106	38
colombia	NZ	2006	17	5
colombia	NZ	2008	9	4
colombia	NZ	2009	30	11
colombia	NZ	2010	2	1
colombia	NZ	1979	4	2
colombia	NZ	1999	114	24
colombia	NZ	1977	36	28
colombia	NZ	1964	1	
colombia	NZ	1974	2	1
colombia	NZ	1884	17	8
colombia	NZ	1891	13	6
colombia	NZ	1904	1	1
colombia	NZ	1910	88	74
colombia	NZ	1922	6	3
colombia	NZ	1928	2	2
colombia	NZ	1932	2	1
colombia	NZ	1933	2	1
colombia	NZ	1934	1	
colombia	NZ	1935	3	2
colombia	NZ	1944	1	1
colombia	NZ	1975	1	1
colombia	NZ	1952	2	2
colombia	NZ	1973	22	14
colombia	NZ	1972	2	1
colombia	NZ	1970	2	2
colombia	NZ	1968	7	2
colombia	NZ	1967	2	1
colombia	NZ	1949	2	1
colombia	NZ	1959	1	1
colombia	NZ	1958	1	1
colombia	NZ	1953	2	2
colombia	NZ	1966	119	34
colombia	PL	1982	1	1
colombia	PL	1945	2	2
colombia	PL	1946	2	2
colombia	PL	1947	3	3
colombia	PL	1949	5	4
colombia	PL	1950	4	3
colombia	PL	1952	1	1
colombia	PL	1953	3	2
colombia	PL	1957	2	1
colombia	PL	1958	1	1
colombia	PL	1959	3	2
colombia	PL	1960	1	1
colombia	PL	1962	1	1
colombia	PL	1963	5	4
colombia	PL	1964	1	1
colombia	PL	1967	1	1
colombia	PL	1944	3	2
colombia	PL	1970	1	1
colombia	PL	1972	1	1
colombia	PL	1973	4	2
colombia	PL	1975	1	1
colombia	PL	1977	1	1
colombia	PL	1980	2	2
colombia	PL	1961	5	4
colombia	PL	1968	2	2
colombia	PL	1943	6	3
colombia	PL	1941	3	2
colombia	PL	1877	1	1
colombia	PL	1878	2	1
colombia	PL	1879	1	1
colombia	PL	1881	1	1
colombia	PL	1882	2	2
colombia	PL	1884	1	1
colombia	PL	1942	1	1
colombia	PL	1886	1	1
colombia	PL	1892	1	1
colombia	PL	1906	6	1
colombia	PL	1908	14	11
colombia	PL	1885	1	1
colombia	PL	1914	7	4
colombia	PL	1909	2	1
colombia	PL	1939	9	7
colombia	PL	1936	1	1
colombia	PL	1929	1	1
colombia	PL	1928	6	4
colombia	PL	1926	4	3
colombia	PL	1925	14	10
colombia	PL	1924	1	
colombia	PL	1921	9	7
colombia	PL	1920	1	1
colombia	PL	1917	2	2
colombia	PR	1938	1	1
colombia	PT	1983	1	
colombia	PT	1986	4	
colombia	PT	1987	6	
colombia	PT	2018	1	1
colombia	RU	1976	2	1
colombia	RU	1973	3	3
colombia	RU	1971	19	15
colombia	RU	1958	2	2
colombia	RU	1949	1	1
colombia	RU	1995	1	1
colombia	RU	1945	1	1
colombia	RU	1944	2	2
colombia	RU	1942	1	1
colombia	RU	1926	34	2
colombia	RU	1900	3	2
colombia	RU	1872	4	1
colombia	RU	1947	1	1
colombia	SE	1951	80	61
colombia	SE	1952	123	99
colombia	SE	1953	63	42
colombia	SE	1954	32	21
colombia	SE	1955	12	11
colombia	SE	1956	34	16
colombia	SE	1957	18	13
colombia	SE	1960	13	8
colombia	SE	1959	12	11
colombia	SE	1950	84	62
colombia	SE	1961	22	20
colombia	SE	1962	35	29
colombia	SE	1963	43	17
colombia	SE	2014	1	1
colombia	SE	1965	44	23
colombia	SE	1958	19	12
colombia	SE	1949	151	98
colombia	SE	1946	163	102
colombia	SE	1947	166	105
colombia	SE	1930	136	110
colombia	SE	1931	27	22
colombia	SE	1932	177	142
colombia	SE	1933	72	62
colombia	SE	1934	88	67
colombia	SE	1935	93	76
colombia	SE	1936	297	171
colombia	SE	1937	226	68
colombia	SE	1938	399	247
colombia	SE	1939	728	415
colombia	SE	1940	224	154
colombia	SE	1941	364	192
colombia	SE	1942	192	90
colombia	SE	1943	139	62
colombia	SE	1944	348	198
colombia	SE	1945	255	153
colombia	SE	1966	32	26
colombia	SE	1948	116	79
colombia	SE	1967	79	60
colombia	SE	1970	211	119
colombia	SE	1969	68	40
colombia	SE	1991	39	33
colombia	SE	1992	37	29
colombia	SE	1993	10	5
colombia	SE	1994	52	36
colombia	SE	1995	18	12
colombia	SE	1996	2	2
colombia	SE	1997	22	19
colombia	SE	1990	31	26
colombia	SE	1998	9	9
colombia	SE	2001	10	3
colombia	SE	2005	2	2
colombia	SE	2007	2	1
colombia	SE	2010	5	5
colombia	SE	2011	1	1
colombia	SE	2013	5	3
colombia	SE	1929	33	28
colombia	SE	1999	3	1
colombia	SE	1968	45	37
colombia	SE	1989	30	22
colombia	SE	1987	26	21
colombia	SE	1971	17	12
colombia	SE	1972	137	74
colombia	SE	1973	75	43
colombia	SE	1974	20	18
colombia	SE	1975	12	11
colombia	SE	1976	54	42
colombia	SE	1977	14	13
colombia	SE	1988	63	45
colombia	SE	1978	10	10
colombia	SE	1980	9	6
colombia	SE	1981	3	2
colombia	SE	1982	2	2
colombia	SE	1983	5	3
colombia	SE	1984	44	29
colombia	SE	1985	20	12
colombia	SE	1986	16	11
colombia	SE	1979	17	13
colombia	SE	1928	5	5
colombia	SE	1964	40	33
colombia	SE	1926	67	62
colombia	SE	1852	2	2
colombia	SE	1853	5	4
colombia	SE	1854	6	6
colombia	SE	1855	2	2
colombia	SE	1860	60	26
colombia	SE	1861	11	7
colombia	SE	1862	1	1
colombia	SE	1851	2	2
colombia	SE	1863	65	37
colombia	SE	1866	1	1
colombia	SE	1867	2	1
colombia	SE	1868	1	1
colombia	SE	1869	6	5
colombia	SE	1871	15	5
colombia	SE	1872	9	5
colombia	SE	1874	26	13
colombia	SE	1865	1	1
colombia	SE	1875	1	1
colombia	SE	1849	3	3
colombia	SE	1847	33	28
colombia	SE	1927	135	115
colombia	SE	1782	1	1
colombia	SE	1783	21	21
colombia	SE	1808	1	1
colombia	SE	1824	14	8
colombia	SE	1825	62	39
colombia	SE	1826	117	55
colombia	SE	1848	11	10
colombia	SE	1828	1	1
colombia	SE	1837	4	2
colombia	SE	1840	1	
colombia	SE	1842	7	6
colombia	SE	1843	223	203
colombia	SE	1844	5	5
colombia	SE	1845	1	1
colombia	SE	1846	16	15
colombia	SE	1833	2	2
colombia	SE	1876	4	
colombia	SE	1777	1	1
colombia	SE	1879	1	1
colombia	SE	1907	15	11
colombia	SE	1908	11	5
colombia	SE	1909	10	5
colombia	SE	1911	3	3
colombia	SE	1912	4	3
colombia	SE	1913	2	2
colombia	SE	1916	20	15
colombia	SE	1906	27	17
colombia	SE	1917	8	8
colombia	SE	1919	1	
colombia	SE	1921	11	9
colombia	SE	1922	62	54
colombia	SE	1923	2	2
colombia	SE	1924	15	10
colombia	SE	1925	1	1
colombia	SE	1878	2	1
colombia	SE	1918	4	3
colombia	SE	1905	6	5
colombia	SE	1910	364	133
colombia	SE	1903	1	1
colombia	SE	1880	5	4
colombia	SE	1882	3	2
colombia	SE	1883	4	2
colombia	SE	1904	3	3
colombia	SE	1886	1	1
colombia	SE	1888	3	2
colombia	SE	1889	3	3
colombia	SE	1892	5	4
colombia	SE	1893	1	
colombia	SE	1884	1	1
colombia	SE	1895	1	1
colombia	SE	1896	2	1
colombia	SE	1897	2	2
colombia	SE	1901	2	2
colombia	SE	1898	501	358
colombia	SE	1899	4	3
colombia	SE	1900	1	1
colombia	SE	1894	1	
colombia	TT	1996	1	1
colombia	TT	1995	3	3
colombia	TT	1979	4	4
colombia	TT	1974	3	1
colombia	TT	1973	1	1
colombia	TT	1970	9	2
colombia	TT	1975	2	1
colombia	TW	2012	2	2
colombia	TW	1987	1	1
colombia	TW	1990	3	2
colombia	TW	1989	3	3
colombia	TW	1988	1	1
colombia	TW	1986	2	2
colombia	TW	2007	51	18
colombia	TW	1975	2	
colombia	TW	1973	1	1
colombia	TW	1972	1	1
colombia	TW	1969	1	1
colombia	TW	1946	6	3
colombia	TW	1984	1	
colombia	US	1947	8297	2807
colombia	US	1946	12714	4122
colombia	US	1945	8371	2903
colombia	US	1944	19681	5781
colombia	US	1943	10360	3740
colombia	US	1940	6244	2653
colombia	US	1941	6689	2484
colombia	US	1948	6977	2814
colombia	US	1939	10945	4440
colombia	US	1938	5674	2608
colombia	US	1942	7622	2472
colombia	US	1949	8161	2566
colombia	US	1951	8140	2383
colombia	US	1937	980	580
colombia	US	1952	8717	2690
colombia	US	1953	2893	1566
colombia	US	1954	941	575
colombia	US	1955	1446	663
colombia	US	1956	2906	1103
colombia	US	1957	6605	1893
colombia	US	1958	9002	2414
colombia	US	1959	10241	2935
colombia	US	1960	3331	1125
colombia	US	1961	5700	1848
colombia	US	1962	3801	1683
colombia	US	1950	7575	2203
colombia	US	1936	1313	816
colombia	US	1933	974	446
colombia	US	1934	1432	862
colombia	US	1963	4710	1991
colombia	US	1909	224	124
colombia	US	1910	760	236
colombia	US	1911	7181	750
colombia	US	1912	5440	936
colombia	US	1913	7260	1057
colombia	US	1914	2788	565
colombia	US	1915	1698	418
colombia	US	1916	4391	687
colombia	US	1917	5485	2044
colombia	US	1918	5161	1290
colombia	US	1919	256	135
colombia	US	1920	1361	374
colombia	US	1921	518	164
colombia	US	1922	8712	2972
colombia	US	1923	1149	304
colombia	US	1924	1229	793
colombia	US	1925	504	236
colombia	US	1926	4582	2060
colombia	US	1927	8153	2310
colombia	US	1928	1138	557
colombia	US	1929	746	375
colombia	US	1930	2039	1104
colombia	US	1931	1036	664
colombia	US	1932	1910	777
colombia	US	1935	2398	1396
colombia	US	1964	5595	1615
colombia	US	2013	3064	1157
colombia	US	1966	10830	2202
colombia	US	1997	10190	2252
colombia	US	1998	3049	1240
colombia	US	1999	1177	672
colombia	US	2000	40337	997
colombia	US	2001	10143	759
colombia	US	2002	1701	480
colombia	US	2003	1750	513
colombia	US	2004	2129	679
colombia	US	2005	1208	483
colombia	US	2006	1069	322
colombia	US	2007	1800	710
colombia	US	2008	494	208
colombia	US	2009	1552	672
colombia	US	2010	992	467
colombia	US	2011	3295	1230
colombia	US	2012	3457	1189
colombia	US	1907	702	254
colombia	US	2014	537	299
colombia	US	2015	557	281
colombia	US	2016	1750	326
colombia	US	2017	380	107
colombia	US	2018	2497	491
colombia	US	2019	2032	336
colombia	US	2020	12	4
colombia	US	2021	17	5
colombia	US	1996	3853	1342
colombia	US	1995	6285	2475
colombia	US	1994	4432	2133
colombia	US	1993	8911	2925
colombia	US	1967	8578	2531
colombia	US	1968	11075	2292
colombia	US	1969	9693	2634
colombia	US	1970	8807	1904
colombia	US	1971	9229	2212
colombia	US	1972	9022	2923
colombia	US	1973	7093	2290
colombia	US	1974	8518	2463
colombia	US	1975	5854	2152
colombia	US	1976	12321	3846
colombia	US	1977	6801	2416
colombia	US	1978	2505	1106
colombia	US	1965	7951	2111
colombia	US	1979	8814	2886
colombia	US	1981	4386	2139
colombia	US	1982	6300	2071
colombia	US	1983	11657	3811
colombia	US	1984	12216	4221
colombia	US	1985	9357	3353
colombia	US	1986	14312	4859
colombia	US	1987	19596	5367
colombia	US	1988	16894	5300
colombia	US	1989	15789	5115
colombia	US	1990	15034	4176
colombia	US	1991	10895	3643
colombia	US	1992	10602	3732
colombia	US	1980	4176	2048
colombia	US	1906	675	435
colombia	US	1908	608	236
colombia	US	1904	318	126
colombia	US	1818	144	47
colombia	US	1819	2	2
colombia	US	1820	6	6
colombia	US	1821	3	3
colombia	US	1822	23	18
colombia	US	1825	47	38
colombia	US	1826	44	38
colombia	US	1827	5	5
colombia	US	1828	17	13
colombia	US	1829	3	3
colombia	US	1830	1	1
colombia	US	1831	2	1
colombia	US	1832	1	1
colombia	US	1833	13	11
colombia	US	1834	3	3
colombia	US	1835	5	4
colombia	US	1836	13	11
colombia	US	1837	20	16
colombia	US	1838	1	1
colombia	US	1839	3	3
colombia	US	1840	10	8
colombia	US	1841	6	6
colombia	US	1842	156	107
colombia	US	1843	180	123
colombia	US	1844	220	169
colombia	US	1817	5	4
colombia	US	1845	51	43
colombia	US	1816	59	49
colombia	US	1812	1	1
colombia	US	1624	1	1
colombia	US	1643	1	
colombia	US	1684	1	1
colombia	US	1698	1	1
colombia	US	1905	253	150
colombia	US	1752	1	1
colombia	US	1755	1	1
colombia	US	1760	72	53
colombia	US	1769	1	1
colombia	US	1778	1	1
colombia	US	1780	1	1
colombia	US	1783	44	40
colombia	US	1785	1	1
colombia	US	1786	1	1
colombia	US	1787	2	1
colombia	US	1793	6	5
colombia	US	1799	3	3
colombia	US	1800	190	79
colombia	US	1801	82	62
colombia	US	1803	1	1
colombia	US	1804	2	2
colombia	US	1805	3	3
colombia	US	1807	1	1
colombia	US	1808	5	3
colombia	US	1810	3	3
colombia	US	1813	2	2
colombia	US	1846	188	147
colombia	US	1700	10	3
colombia	US	1848	12	11
colombia	US	1879	55	42
colombia	US	1880	127	94
colombia	US	1881	142	106
colombia	US	1882	133	98
colombia	US	1883	339	229
colombia	US	1884	746	452
colombia	US	1885	44	18
colombia	US	1886	141	99
colombia	US	1887	41	27
colombia	US	1888	115	91
colombia	US	1889	59	39
colombia	US	1890	30	19
colombia	US	1892	162	113
colombia	US	1893	14	10
colombia	US	1894	80	47
colombia	US	1895	133	74
colombia	US	1896	205	91
colombia	US	1897	310	118
colombia	US	1898	10760	2658
colombia	US	1899	5703	1026
colombia	US	1900	277	139
colombia	US	1901	1193	421
colombia	US	1902	76	40
colombia	US	1903	69	48
colombia	US	1847	51	35
colombia	US	1878	47	42
colombia	US	1877	17	14
colombia	US	1891	388	199
colombia	US	1875	79	68
colombia	US	1849	9	7
colombia	US	1876	408	300
colombia	US	1850	59	46
colombia	US	1851	388	288
colombia	US	1852	196	149
colombia	US	1853	310	227
colombia	US	1854	86	68
colombia	US	1855	28	24
colombia	US	1857	232	133
colombia	US	1858	96	68
colombia	US	1859	140	118
colombia	US	1860	298	174
colombia	US	1861	103	75
colombia	US	1856	53	46
colombia	US	1862	17	16
colombia	US	1873	10	9
colombia	US	1872	90	67
colombia	US	1871	54	41
colombia	US	1870	20	14
colombia	US	1874	50	38
colombia	US	1868	46	35
colombia	US	1869	36	24
colombia	US	1866	24	22
colombia	US	1865	13	10
colombia	US	1864	1	1
colombia	US	1863	341	197
colombia	US	1867	10	7
colombia	VE	1983	4	2
colombia	VE	1982	8	3
colombia	VE	1981	6	2
colombia	VE	1980	8	1
colombia	VE	1979	7	1
colombia	VE	1973	7	3
colombia	VE	1977	3	2
colombia	VE	1976	4	3
colombia	VE	1975	5	2
colombia	VE	1972	8	2
colombia	VE	1985	22	1
colombia	VE	1978	2	2
colombia	VE	1987	1	1
colombia	VE	2018	374	43
colombia	VE	1996	2	
colombia	VE	1997	1	
colombia	VE	1998	1	
colombia	VE	1999	1	
colombia	VE	2000	1	
colombia	VE	2004	10	
colombia	VE	2006	40	10
colombia	VE	2007	75	22
colombia	VE	2008	94	14
colombia	VE	2009	420	81
colombia	VE	2010	114	17
colombia	VE	2013	599	35
colombia	VE	2019	40	20
colombia	VE	1971	72	2
colombia	VE	1995	12	1
colombia	VE	1970	9	1
colombia	VE	1961	5	
colombia	VE	1968	32	1
colombia	VE	1969	1	1
colombia	VE	1888	1	
colombia	VE	1900	4	
colombia	VE	1905	1	
colombia	VE	1910	1	
colombia	VE	1922	1	
colombia	VE	1935	20	3
colombia	VE	1938	1	
colombia	VE	1939	4	1
colombia	VE	1940	40	
colombia	VE	1941	1	
colombia	VE	1943	1	
colombia	VE	1946	2	1
colombia	VE	1949	31	
colombia	VE	1911	2	
colombia	VE	1953	2	1
colombia	VE	1967	4	2
colombia	VE	1951	1	
colombia	VE	1966	5	
colombia	VE	1964	1	
colombia	VE	1963	1	
colombia	VE	1960	4	2
colombia	VE	1965	42	2
colombia	VE	1958	69	1
colombia	VE	1957	26	
colombia	VE	1956	15	1
colombia	VE	1955	31	
colombia	VE	1954	19	1
colombia	VE	1959	29	
colombia	ZA	1963	1	
colombia	ZA	1975	1	1
colombia	ZA	1964	1	1
colombia	ZA	1965	1	1
colombia	ZA	1969	2	1
colombia	ZA	1970	1	
colombia	ZA	1973	8	1
colombia	ZA	1974	10	1
colombia	ZA	1976	1	
colombia	ZA	1986	1	1
colombia	ZA	1978	8	7
colombia	ZA	1979	1	
colombia	ZA	1983	1	
colombia	ZA	1984	1	1
colombia	ZA	1988	1	
colombia	ZA	1989	2	
colombia	ZA	1992	2	2
colombia	ZA	1961	3	2
colombia	ZA	1977	4	2
colombia	ZA	1960	1	1
colombia	ZA	1924	8	5
colombia	ZA	1954	4	
colombia	ZA	2006	1	1
colombia	ZA	1877	1	1
colombia	ZA	1898	1	1
colombia	ZA	1899	1	1
colombia	ZA	1905	2	
colombia	ZA	1912	1	1
colombia	ZA	1913	1	
colombia	ZA	1925	5	4
colombia	ZA	1930	2	1
colombia	ZA	1938	4	1
colombia	ZA	1939	5	5
colombia	ZA	1941	1	1
colombia	ZA	1943	3	
colombia	ZA	1944	2	1
colombia	ZA	1945	1	1
colombia	ZA	1946	2	1
colombia	ZA	1947	1	
colombia	ZA	1949	3	1
colombia	ZA	1953	1	1
colombia	ZA	1955	1	1
colombia	ZA	2007	1	
