slug_region,label,cod_dane,marino,especies_region_total,especies_continentales,especies_marinas,especies_salobres,especies_amenazadas_nacional_total,especies_amenazadas_nacional_cr,especies_amenazadas_nacional_en,especies_amenazadas_nacional_vu,especies_cites_total,especies_cites_i,especies_cites_i_ii,especies_cites_ii,especies_cites_iii,especies_endemicas,especies_exoticas,especies_invasoras,especies_exoticas_riesgo_invasion,especies_migratorias,especies_amenazadas_global_total,especies_amenazadas_global_ex,especies_amenazadas_global_ew,especies_amenazadas_global_cr,especies_amenazadas_global_en,especies_amenazadas_global_vu,especies_amenazadas_global_nt,especies_amenazadas_global_lc,especies_amenazadas_global_dd,especies_amenazadas_global_lr_lc,especies_amenazadas_global_lr_nt,registros_region_total,registros_continentales,registros_marinos,registros_salobres,registros_amenazadas_nacional_total,registros_amenazadas_nacional_cr,registros_amenazadas_nacional_en,registros_amenazadas_nacional_vu,registros_cites_total,registros_cites_i,registros_cites_i_ii,registros_cites_ii,registros_cites_iii,registros_endemicas,registros_exoticas,registros_invasoras,registros_exoticas_riesgo_invasion,registros_migratorias,registros_amenazadas_global_total,registros_amenazadas_global_ex,registros_amenazadas_global_ew,registros_amenazadas_global_cr,registros_amenazadas_global_en,registros_amenazadas_global_vu,registros_amenazadas_global_nt,registros_amenazadas_global_lc,registros_amenazadas_global_dd,registros_amenazadas_global_lr_lc,registros_amenazadas_global_lr_nt,especie_continentales_amenazadas_nacional_total,especies_continentales_amenazadas_nacional_cr,especies_continentales_amenazadas_nacional_en,especies_continentales_amenazadas_nacional_vu,especies_continentales_cites_total,especies_continentales_cites_i,especies_continentales_cites_i_ii,especies_continentales_cites_ii,especies_continentales_cites_iii,especies_continentales_endemicas,especies_continentales_exoticas,especies_continentales_migratorias,especies_continentales_invasoras,especies_continentales_exoticas_riesgo_invasion,especies_continentales_amenazadas_global_total,especies_continentales_amenazadas_global_ex,especies_continentales_amenazadas_global_ew,especies_continentales_amenazadas_global_cr,especies_continentales_amenazadas_global_en,especies_continentales_amenazadas_global_vu,especies_continentales_amenazadas_global_nt,especies_continentales_amenazadas_global_lc,especies_continentales_amenazadas_global_dd,especies_continentales_amenazadas_global_lr_lc,especies_continentales_amenazadas_global_lr_nt,registros_continentales_amenazadas_nacional_total,registros_continentales_amenazadas_nacional_cr,registros_continentales_amenazadas_nacional_en,registros_continentales_amenazadas_nacional_vu,registros_continentales_cites_total,registros_continentales_cites_i,registros_continentales_cites_i_ii,registros_continentales_cites_ii,registros_continentales_cites_iii,registros_continentales_endemicas,registros_continentales_exoticas,registros_continentales_migratorias,registros_continentales_invasoras,registros_continentales_exoticas_riesgo_invasion,registros_continentales_amenazadas_global_total,registros_continentales_amenazadas_global_ex,registros_continentales_amenazadas_global_ew,registros_continentales_amenazadas_global_cr,registros_continentales_amenazadas_global_en,registros_continentales_amenazadas_global_vu,registros_continentales_amenazadas_global_nt,registros_continentales_amenazadas_global_lc,registros_continentales_amenazadas_global_dd,registros_continentales_amenazadas_global_lr_lc,registros_continentales_amenazadas_global_lr_nt,especies_marinas_amenazadas_nacional_total,especies_marinas_amenazadas_nacional_en,especies_marinas_amenazadas_nacional_cr,especies_marinas_amenazadas_nacional_vu,especies_marinas_cites_total,especies_marinas_cites_i,especies_marinas_cites_i_ii,especies_marinas_cites_ii,especies_marinas_cites_iii,especies_marinas_endemicas,especies_marinas_exoticas,especies_marinas_migratorias,especies_marinas_invasoras,especies_marinas_exoticas_riesgo_invasion,especies_marinas_amenazadas_global_total,especies_marinas_amenazadas_global_ex,especies_marinas_amenazadas_global_ew,especies_marinas_amenazadas_global_cr,especies_marinas_amenazadas_global_en,especies_marinas_amenazadas_global_vu,especies_marinas_amenazadas_global_nt,especies_marinas_amenazadas_global_lc,especies_marinas_amenazadas_global_dd,especies_marinas_amenazadas_global_lr_lc,especies_marinas_amenazadas_global_lr_nt,registros_marinas_amenazadas_nacional_total,registros_marinas_amenazadas_nacional_cr,registros_marinas_amenazadas_nacional_en,registros_marinas_amenazadas_nacional_vu,registros_marinas_cites_total,registros_marinas_cites_i,registros_marinas_cites_i_ii,registros_marinas_cites_ii,registros_marinas_cites_iii,registros_marinas_endemicas,registros_marinas_exoticas,registros_marinas_migratorias,registros_marinas_invasoras,registros_marinas_exoticas_riesgo_invasion,registros_marinas_amenazadas_global_total,registros_marinas_amenazadas_global_ex,registros_marinas_amenazadas_global_ew,registros_marinas_amenazadas_global_cr,registros_marinas_amenazadas_global_en,registros_marinas_amenazadas_global_vu,registros_marinas_amenazadas_global_nt,registros_marinas_amenazadas_global_lc,registros_marinas_amenazadas_global_dd,registros_marinas_amenazadas_global_lr_lc,registros_marinas_amenazadas_global_lr_nt,especies_salobres_amenazadas_nacional_total,especies_salobres_amenazadas_nacional_cr,especies_salobres_amenazadas_nacional_en,especies_salobres_amenazadas_nacional_vu,especies_salobres_cites_total,especies_salobres_cites_i,especies_salobres_cites_i_ii,especies_salobres_cites_ii,especies_salobres_cites_iii,especies_salobres_endemicas,especies_salobres_exoticas,especies_salobres_migratorias,especies_salobres_invasoras,especies_salobres_exoticas_riesgo_invasion,especies_salobres_amenazadas_global_total,especies_salobres_amenazadas_global_ex,especies_salobres_amenazadas_global_ew,especies_salobres_amenazadas_global_cr,especies_salobres_amenazadas_global_en,especies_salobres_amenazadas_global_vu,especies_salobres_amenazadas_global_nt,especies_salobres_amenazadas_global_lc,especies_salobres_amenazadas_global_dd,especies_salobres_amenazadas_global_lr_lc,especies_salobres_amenazadas_global_lr_nt,registros_salobres_amenazadas_nacional_total,registros_salobres_amenazadas_nacional_cr,registros_salobres_amenazadas_nacional_en,registros_salobres_amenazadas_nacional_vu,registros_salobres_cites_total,registros_salobres_cites_i,registros_salobres_cites_i_ii,registros_salobres_cites_ii,registros_salobres_cites_iii,registros_salobres_endemicas,registros_salobres_exoticas,registros_salobres_migratorias,registros_salobres_invasoras,registros_salobres_exoticas_riesgo_invasion,registros_salobres_amenazadas_global_total,registros_salobres_amenazadas_global_ex,registros_salobres_amenazadas_global_ew,registros_salobres_amenazadas_global_cr,registros_salobres_amenazadas_global_en,registros_salobres_amenazadas_global_vu,registros_salobres_amenazadas_global_nt,registros_salobres_amenazadas_global_lc,registros_salobres_amenazadas_global_dd,registros_salobres_amenazadas_global_lr_lc,registros_salobres_amenazadas_global_lr_nt
alban-nar,Albán,52019,FALSE,105,105,NA,NA,NA,NA,NA,NA,NA,NA,NA,NA,NA,3,7,NA,NA,4,33,NA,1,1,1,NA,NA,30,NA,NA,NA,134,134,0,0,0,NA,NA,NA,0,NA,NA,NA,NA,3,7,NA,NA,4,36,NA,1,1,1,NA,NA,33,NA,NA,NA,NA,NA,NA,NA,NA,NA,NA,NA,NA,3,7,4,NA,NA,33,NA,1,1,1,NA,NA,30,NA,NA,NA,0,NA,NA,NA,0,NA,NA,NA,NA,3,7,4,NA,NA,36,NA,1,1,1,NA,NA,33,NA,NA,NA,NA,NA,NA,NA,NA,NA,NA,NA,NA,NA,NA,NA,NA,NA,NA,NA,NA,NA,NA,NA,NA,NA,NA,NA,NA,NA,NA,NA,NA,NA,NA,NA,NA,NA,NA,NA,NA,NA,NA,NA,NA,NA,NA,NA,NA,NA,NA,NA,NA,NA,NA,NA,NA,NA,NA,NA,NA,NA,NA,NA,NA,NA,NA,NA,NA,NA,NA,NA,NA,NA,NA,NA,NA,NA,NA,NA,NA,NA,NA,NA,NA,NA,NA,NA,NA,NA,NA,NA,NA,NA,NA,NA,NA,NA,NA,NA,NA,NA,NA,NA
aldana,Aldana,52022,FALSE,13,13,NA,NA,NA,NA,NA,NA,NA,NA,NA,NA,NA,NA,1,NA,NA,NA,1,NA,NA,NA,NA,NA,NA,1,NA,NA,NA,18,18,0,0,0,NA,NA,NA,0,NA,NA,NA,NA,0,1,NA,NA,NA,1,NA,NA,NA,NA,NA,NA,1,NA,NA,NA,NA,NA,NA,NA,NA,NA,NA,NA,NA,NA,1,NA,NA,NA,1,NA,NA,NA,NA,NA,NA,1,NA,NA,NA,0,NA,NA,NA,0,NA,NA,NA,NA,0,1,NA,NA,NA,1,NA,NA,NA,NA,NA,NA,1,NA,NA,NA,NA,NA,NA,NA,NA,NA,NA,NA,NA,NA,NA,NA,NA,NA,NA,NA,NA,NA,NA,NA,NA,NA,NA,NA,NA,NA,NA,NA,NA,NA,NA,NA,NA,NA,NA,NA,NA,NA,NA,NA,NA,NA,NA,NA,NA,NA,NA,NA,NA,NA,NA,NA,NA,NA,NA,NA,NA,NA,NA,NA,NA,NA,NA,NA,NA,NA,NA,NA,NA,NA,NA,NA,NA,NA,NA,NA,NA,NA,NA,NA,NA,NA,NA,NA,NA,NA,NA,NA,NA,NA,NA,NA,NA,NA,NA,NA,NA,NA,NA,NA
ancuya,Ancuya,52036,FALSE,79,79,NA,NA,NA,NA,NA,NA,4,NA,NA,4,NA,3,7,NA,NA,2,39,NA,NA,NA,NA,NA,NA,39,NA,NA,NA,164,164,0,0,0,NA,NA,NA,10,NA,NA,10,NA,3,8,NA,NA,2,67,NA,NA,NA,NA,NA,NA,67,NA,NA,NA,NA,NA,NA,NA,4,NA,NA,4,NA,3,7,2,NA,NA,39,NA,NA,NA,NA,NA,NA,39,NA,NA,NA,0,NA,NA,NA,10,NA,NA,10,NA,3,8,2,NA,NA,67,NA,NA,NA,NA,NA,NA,67,NA,NA,NA,NA,NA,NA,NA,NA,NA,NA,NA,NA,NA,NA,NA,NA,NA,NA,NA,NA,NA,NA,NA,NA,NA,NA,NA,NA,NA,NA,NA,NA,NA,NA,NA,NA,NA,NA,NA,NA,NA,NA,NA,NA,NA,NA,NA,NA,NA,NA,NA,NA,NA,NA,NA,NA,NA,NA,NA,NA,NA,NA,NA,NA,NA,NA,NA,NA,NA,NA,NA,NA,NA,NA,NA,NA,NA,NA,NA,NA,NA,NA,NA,NA,NA,NA,NA,NA,NA,NA,NA,NA,NA,NA,NA,NA,NA,NA,NA,NA,NA,NA,NA
arboleda,Arboleda,52051,FALSE,139,139,NA,NA,NA,NA,NA,NA,11,NA,NA,11,NA,2,3,NA,NA,6,92,NA,NA,NA,NA,NA,2,89,1,NA,NA,723,723,0,0,0,NA,NA,NA,23,NA,NA,23,NA,8,6,NA,NA,42,519,NA,NA,NA,NA,NA,4,507,8,NA,NA,NA,NA,NA,NA,11,NA,NA,11,NA,2,3,6,NA,NA,92,NA,NA,NA,NA,NA,2,89,1,NA,NA,0,NA,NA,NA,23,NA,NA,23,NA,8,6,42,NA,NA,519,NA,NA,NA,NA,NA,4,507,8,NA,NA,NA,NA,NA,NA,NA,NA,NA,NA,NA,NA,NA,NA,NA,NA,NA,NA,NA,NA,NA,NA,NA,NA,NA,NA,NA,NA,NA,NA,NA,NA,NA,NA,NA,NA,NA,NA,NA,NA,NA,NA,NA,NA,NA,NA,NA,NA,NA,NA,NA,NA,NA,NA,NA,NA,NA,NA,NA,NA,NA,NA,NA,NA,NA,NA,NA,NA,NA,NA,NA,NA,NA,NA,NA,NA,NA,NA,NA,NA,NA,NA,NA,NA,NA,NA,NA,NA,NA,NA,NA,NA,NA,NA,NA,NA,NA,NA,NA,NA,NA,NA
barbacoas,Barbacoas,52079,FALSE,2624,2624,NA,4,41,1,19,21,118,NA,NA,114,4,165,21,NA,NA,38,983,NA,3,3,18,23,34,887,11,NA,NA,54909,54909,0,33,891,1,377,513,7452,NA,NA,6806,646,548,60,NA,NA,1614,43133,NA,5,4,186,628,1244,41033,19,NA,NA,41,1,19,21,118,NA,NA,114,4,165,21,38,NA,NA,983,NA,3,3,18,23,34,887,11,NA,NA,891,1,377,513,7452,NA,NA,6806,646,548,60,1614,NA,NA,43133,NA,5,4,186,628,1244,41033,19,NA,NA,NA,NA,NA,NA,NA,NA,NA,NA,NA,NA,NA,NA,NA,NA,NA,NA,NA,NA,NA,NA,NA,NA,NA,NA,NA,NA,NA,NA,NA,NA,NA,NA,NA,NA,NA,NA,NA,NA,NA,NA,NA,NA,NA,NA,NA,NA,NA,NA,NA,NA,NA,NA,NA,NA,NA,NA,NA,NA,NA,NA,NA,NA,NA,NA,4,NA,NA,NA,NA,NA,NA,4,NA,NA,NA,0,NA,NA,NA,0,NA,NA,NA,NA,0,0,NA,NA,NA,33,NA,NA,NA,NA,NA,NA,33,NA,NA,NA
belen-nar,Belén,52083,FALSE,30,30,NA,1,NA,NA,NA,NA,2,NA,NA,2,NA,NA,NA,NA,NA,3,26,NA,NA,NA,NA,NA,NA,26,NA,NA,NA,39,39,0,2,0,NA,NA,NA,2,NA,NA,2,NA,0,0,NA,NA,5,31,NA,NA,NA,NA,NA,NA,31,NA,NA,NA,NA,NA,NA,NA,2,NA,NA,2,NA,NA,NA,3,NA,NA,26,NA,NA,NA,NA,NA,NA,26,NA,NA,NA,0,NA,NA,NA,2,NA,NA,2,NA,0,0,5,NA,NA,31,NA,NA,NA,NA,NA,NA,31,NA,NA,NA,NA,NA,NA,NA,NA,NA,NA,NA,NA,NA,NA,NA,NA,NA,NA,NA,NA,NA,NA,NA,NA,NA,NA,NA,NA,NA,NA,NA,NA,NA,NA,NA,NA,NA,NA,NA,NA,NA,NA,NA,NA,NA,NA,NA,NA,NA,NA,NA,NA,NA,NA,NA,NA,NA,NA,NA,NA,NA,NA,NA,NA,NA,NA,NA,1,NA,NA,NA,NA,NA,NA,1,NA,NA,NA,0,NA,NA,NA,0,NA,NA,NA,NA,0,0,NA,NA,NA,1,NA,NA,NA,NA,NA,NA,1,NA,NA,NA
buesaco,Buesaco,52110,FALSE,488,488,NA,NA,6,2,1,3,42,2,NA,40,NA,17,10,NA,NA,13,228,NA,NA,NA,1,1,5,220,1,NA,NA,3844,3844,0,0,23,5,1,17,446,7,NA,439,NA,41,17,NA,NA,209,3117,NA,NA,NA,1,1,59,3049,7,NA,NA,6,2,1,3,42,2,NA,40,NA,17,10,13,NA,NA,228,NA,NA,NA,1,1,5,220,1,NA,NA,23,5,1,17,446,7,NA,439,NA,41,17,209,NA,NA,3117,NA,NA,NA,1,1,59,3049,7,NA,NA,NA,NA,NA,NA,NA,NA,NA,NA,NA,NA,NA,NA,NA,NA,NA,NA,NA,NA,NA,NA,NA,NA,NA,NA,NA,NA,NA,NA,NA,NA,NA,NA,NA,NA,NA,NA,NA,NA,NA,NA,NA,NA,NA,NA,NA,NA,NA,NA,NA,NA,NA,NA,NA,NA,NA,NA,NA,NA,NA,NA,NA,NA,NA,NA,NA,NA,NA,NA,NA,NA,NA,NA,NA,NA,NA,NA,NA,NA,NA,NA,NA,NA,NA,NA,NA,NA,NA,NA,NA,NA,NA,NA,NA,NA,NA,NA,NA,NA,NA,NA
chachagui,Chachagüí,52240,FALSE,435,435,NA,1,5,NA,1,4,30,NA,NA,30,NA,12,14,NA,NA,22,213,NA,NA,NA,NA,NA,3,209,1,NA,NA,2062,2062,0,2,35,NA,1,34,150,NA,NA,150,NA,22,26,NA,NA,175,1527,NA,NA,NA,NA,NA,15,1511,1,NA,NA,5,NA,1,4,30,NA,NA,30,NA,12,14,22,NA,NA,213,NA,NA,NA,NA,NA,3,209,1,NA,NA,35,NA,1,34,150,NA,NA,150,NA,22,26,175,NA,NA,1527,NA,NA,NA,NA,NA,15,1511,1,NA,NA,NA,NA,NA,NA,NA,NA,NA,NA,NA,NA,NA,NA,NA,NA,NA,NA,NA,NA,NA,NA,NA,NA,NA,NA,NA,NA,NA,NA,NA,NA,NA,NA,NA,NA,NA,NA,NA,NA,NA,NA,NA,NA,NA,NA,NA,NA,NA,NA,NA,NA,NA,NA,NA,NA,NA,NA,NA,NA,NA,NA,NA,NA,NA,NA,1,NA,NA,NA,NA,NA,NA,1,NA,NA,NA,0,NA,NA,NA,0,NA,NA,NA,NA,0,0,NA,NA,NA,2,NA,NA,NA,NA,NA,NA,2,NA,NA,NA
colon-nar,Colón,52203,FALSE,218,218,NA,1,1,NA,NA,1,18,NA,NA,18,NA,7,12,NA,NA,8,145,NA,1,NA,1,1,3,138,1,NA,NA,1419,1419,0,1,4,NA,NA,4,76,NA,NA,76,NA,128,93,NA,NA,56,840,NA,7,NA,10,1,5,813,4,NA,NA,1,NA,NA,1,18,NA,NA,18,NA,7,12,8,NA,NA,145,NA,1,NA,1,1,3,138,1,NA,NA,4,NA,NA,4,76,NA,NA,76,NA,128,93,56,NA,NA,840,NA,7,NA,10,1,5,813,4,NA,NA,NA,NA,NA,NA,NA,NA,NA,NA,NA,NA,NA,NA,NA,NA,NA,NA,NA,NA,NA,NA,NA,NA,NA,NA,NA,NA,NA,NA,NA,NA,NA,NA,NA,NA,NA,NA,NA,NA,NA,NA,NA,NA,NA,NA,NA,NA,NA,NA,NA,NA,NA,NA,NA,NA,NA,NA,NA,NA,NA,NA,NA,NA,NA,NA,1,NA,NA,NA,NA,NA,NA,1,NA,NA,NA,0,NA,NA,NA,0,NA,NA,NA,NA,0,0,NA,NA,NA,1,NA,NA,NA,NA,NA,NA,1,NA,NA,NA
consaca,Consacá,52207,FALSE,449,449,NA,NA,2,1,1,NA,35,1,NA,33,1,14,10,NA,NA,12,219,NA,NA,NA,NA,3,1,213,2,NA,NA,4877,4877,0,0,2,1,1,NA,456,7,NA,447,2,32,19,NA,NA,256,3144,NA,NA,NA,NA,11,38,3081,14,NA,NA,2,1,1,NA,35,1,NA,33,1,14,10,12,NA,NA,219,NA,NA,NA,NA,3,1,213,2,NA,NA,2,1,1,NA,456,7,NA,447,2,32,19,256,NA,NA,3144,NA,NA,NA,NA,11,38,3081,14,NA,NA,NA,NA,NA,NA,NA,NA,NA,NA,NA,NA,NA,NA,NA,NA,NA,NA,NA,NA,NA,NA,NA,NA,NA,NA,NA,NA,NA,NA,NA,NA,NA,NA,NA,NA,NA,NA,NA,NA,NA,NA,NA,NA,NA,NA,NA,NA,NA,NA,NA,NA,NA,NA,NA,NA,NA,NA,NA,NA,NA,NA,NA,NA,NA,NA,NA,NA,NA,NA,NA,NA,NA,NA,NA,NA,NA,NA,NA,NA,NA,NA,NA,NA,NA,NA,NA,NA,NA,NA,NA,NA,NA,NA,NA,NA,NA,NA,NA,NA,NA,NA
contadero,Contadero,52210,FALSE,77,77,NA,NA,NA,NA,NA,NA,12,1,NA,11,NA,NA,3,NA,NA,5,53,NA,NA,NA,NA,NA,NA,53,NA,NA,NA,532,532,0,0,0,NA,NA,NA,88,1,NA,87,NA,0,4,NA,NA,20,476,NA,NA,NA,NA,NA,NA,476,NA,NA,NA,NA,NA,NA,NA,12,1,NA,11,NA,NA,3,5,NA,NA,53,NA,NA,NA,NA,NA,NA,53,NA,NA,NA,0,NA,NA,NA,88,1,NA,87,NA,0,4,20,NA,NA,476,NA,NA,NA,NA,NA,NA,476,NA,NA,NA,NA,NA,NA,NA,NA,NA,NA,NA,NA,NA,NA,NA,NA,NA,NA,NA,NA,NA,NA,NA,NA,NA,NA,NA,NA,NA,NA,NA,NA,NA,NA,NA,NA,NA,NA,NA,NA,NA,NA,NA,NA,NA,NA,NA,NA,NA,NA,NA,NA,NA,NA,NA,NA,NA,NA,NA,NA,NA,NA,NA,NA,NA,NA,NA,NA,NA,NA,NA,NA,NA,NA,NA,NA,NA,NA,NA,NA,NA,NA,NA,NA,NA,NA,NA,NA,NA,NA,NA,NA,NA,NA,NA,NA,NA,NA,NA,NA,NA,NA,NA
cuaspud,Cuaspud,52224,FALSE,10,10,NA,NA,3,2,1,NA,NA,NA,NA,NA,NA,NA,NA,NA,NA,NA,3,NA,NA,NA,1,NA,1,1,NA,NA,NA,20,20,0,0,13,11,2,NA,0,NA,NA,NA,NA,0,0,NA,NA,NA,4,NA,NA,NA,2,NA,1,1,NA,NA,NA,3,2,1,NA,NA,NA,NA,NA,NA,NA,NA,NA,NA,NA,3,NA,NA,NA,1,NA,1,1,NA,NA,NA,13,11,2,NA,0,NA,NA,NA,NA,0,0,NA,NA,NA,4,NA,NA,NA,2,NA,1,1,NA,NA,NA,NA,NA,NA,NA,NA,NA,NA,NA,NA,NA,NA,NA,NA,NA,NA,NA,NA,NA,NA,NA,NA,NA,NA,NA,NA,NA,NA,NA,NA,NA,NA,NA,NA,NA,NA,NA,NA,NA,NA,NA,NA,NA,NA,NA,NA,NA,NA,NA,NA,NA,NA,NA,NA,NA,NA,NA,NA,NA,NA,NA,NA,NA,NA,NA,NA,NA,NA,NA,NA,NA,NA,NA,NA,NA,NA,NA,NA,NA,NA,NA,NA,NA,NA,NA,NA,NA,NA,NA,NA,NA,NA,NA,NA,NA,NA,NA,NA,NA,NA,NA
cumbal,Cumbal,52227,FALSE,853,853,NA,1,13,1,7,5,58,2,NA,55,1,20,12,1,NA,23,312,NA,2,NA,3,5,8,293,1,NA,NA,3770,3770,0,4,70,8,32,30,412,16,NA,395,1,41,42,3,NA,82,1978,NA,4,NA,8,12,22,1930,2,NA,NA,13,1,7,5,58,2,NA,55,1,20,12,23,1,NA,312,NA,2,NA,3,5,8,293,1,NA,NA,70,8,32,30,412,16,NA,395,1,41,42,82,3,NA,1978,NA,4,NA,8,12,22,1930,2,NA,NA,NA,NA,NA,NA,NA,NA,NA,NA,NA,NA,NA,NA,NA,NA,NA,NA,NA,NA,NA,NA,NA,NA,NA,NA,NA,NA,NA,NA,NA,NA,NA,NA,NA,NA,NA,NA,NA,NA,NA,NA,NA,NA,NA,NA,NA,NA,NA,NA,NA,NA,NA,NA,NA,NA,NA,NA,NA,NA,NA,NA,NA,1,NA,NA,1,NA,NA,NA,NA,NA,NA,1,NA,NA,NA,0,NA,NA,NA,0,NA,NA,NA,NA,0,0,4,NA,NA,4,NA,NA,NA,NA,NA,NA,4,NA,NA,NA
cumbitara,Cumbitara,52233,FALSE,126,126,NA,NA,1,NA,1,NA,9,NA,NA,8,1,2,1,NA,NA,7,101,NA,NA,NA,1,NA,2,98,NA,NA,NA,664,664,0,0,1,NA,1,NA,20,NA,NA,19,1,19,11,NA,NA,12,426,NA,NA,NA,1,NA,4,421,NA,NA,NA,1,NA,1,NA,9,NA,NA,8,1,2,1,7,NA,NA,101,NA,NA,NA,1,NA,2,98,NA,NA,NA,1,NA,1,NA,20,NA,NA,19,1,19,11,12,NA,NA,426,NA,NA,NA,1,NA,4,421,NA,NA,NA,NA,NA,NA,NA,NA,NA,NA,NA,NA,NA,NA,NA,NA,NA,NA,NA,NA,NA,NA,NA,NA,NA,NA,NA,NA,NA,NA,NA,NA,NA,NA,NA,NA,NA,NA,NA,NA,NA,NA,NA,NA,NA,NA,NA,NA,NA,NA,NA,NA,NA,NA,NA,NA,NA,NA,NA,NA,NA,NA,NA,NA,NA,NA,NA,NA,NA,NA,NA,NA,NA,NA,NA,NA,NA,NA,NA,NA,NA,NA,NA,NA,NA,NA,NA,NA,NA,NA,NA,NA,NA,NA,NA,NA,NA,NA,NA,NA,NA,NA,NA
cordoba-nar,Córdoba,52215,FALSE,135,135,NA,NA,1,NA,NA,1,17,NA,NA,16,1,2,2,NA,NA,1,78,NA,1,NA,1,NA,1,75,NA,NA,NA,368,368,0,0,3,NA,NA,3,49,NA,NA,48,1,2,5,NA,NA,3,260,NA,1,NA,2,NA,3,254,NA,NA,NA,1,NA,NA,1,17,NA,NA,16,1,2,2,1,NA,NA,78,NA,1,NA,1,NA,1,75,NA,NA,NA,3,NA,NA,3,49,NA,NA,48,1,2,5,3,NA,NA,260,NA,1,NA,2,NA,3,254,NA,NA,NA,NA,NA,NA,NA,NA,NA,NA,NA,NA,NA,NA,NA,NA,NA,NA,NA,NA,NA,NA,NA,NA,NA,NA,NA,NA,NA,NA,NA,NA,NA,NA,NA,NA,NA,NA,NA,NA,NA,NA,NA,NA,NA,NA,NA,NA,NA,NA,NA,NA,NA,NA,NA,NA,NA,NA,NA,NA,NA,NA,NA,NA,NA,NA,NA,NA,NA,NA,NA,NA,NA,NA,NA,NA,NA,NA,NA,NA,NA,NA,NA,NA,NA,NA,NA,NA,NA,NA,NA,NA,NA,NA,NA,NA,NA,NA,NA,NA,NA,NA,NA
el-charco,El Charco,52250,TRUE,150,118,30,20,7,1,1,5,20,2,NA,18,NA,3,NA,NA,NA,12,128,NA,NA,NA,1,2,1,122,1,NA,NA,613,290,304,173,80,1,1,78,44,13,NA,31,NA,5,0,NA,NA,41,499,NA,NA,NA,1,13,3,473,8,NA,NA,5,1,1,3,20,2,NA,18,NA,3,NA,12,NA,NA,101,NA,NA,NA,1,2,1,96,NA,NA,NA,47,1,1,45,44,13,NA,31,NA,5,0,41,NA,NA,233,NA,NA,NA,1,13,3,215,NA,NA,NA,2,NA,NA,2,NA,NA,NA,NA,NA,NA,NA,NA,NA,NA,27,NA,NA,NA,NA,NA,NA,26,1,NA,NA,33,NA,NA,33,0,NA,NA,NA,NA,0,0,NA,NA,NA,266,NA,NA,NA,NA,NA,NA,258,8,NA,NA,1,NA,NA,1,1,NA,NA,1,NA,NA,NA,NA,NA,NA,18,NA,NA,NA,NA,NA,NA,17,1,NA,NA,21,NA,NA,21,1,NA,NA,1,NA,0,0,NA,NA,NA,132,NA,NA,NA,NA,NA,NA,124,8,NA,NA
el-penol,El Peñol,52254,FALSE,54,54,NA,NA,NA,NA,NA,NA,1,NA,NA,1,NA,3,NA,NA,NA,3,28,NA,NA,NA,NA,NA,NA,28,NA,NA,NA,102,102,0,0,0,NA,NA,NA,1,NA,NA,1,NA,3,0,NA,NA,3,33,NA,NA,NA,NA,NA,NA,33,NA,NA,NA,NA,NA,NA,NA,1,NA,NA,1,NA,3,NA,3,NA,NA,28,NA,NA,NA,NA,NA,NA,28,NA,NA,NA,0,NA,NA,NA,1,NA,NA,1,NA,3,0,3,NA,NA,33,NA,NA,NA,NA,NA,NA,33,NA,NA,NA,NA,NA,NA,NA,NA,NA,NA,NA,NA,NA,NA,NA,NA,NA,NA,NA,NA,NA,NA,NA,NA,NA,NA,NA,NA,NA,NA,NA,NA,NA,NA,NA,NA,NA,NA,NA,NA,NA,NA,NA,NA,NA,NA,NA,NA,NA,NA,NA,NA,NA,NA,NA,NA,NA,NA,NA,NA,NA,NA,NA,NA,NA,NA,NA,NA,NA,NA,NA,NA,NA,NA,NA,NA,NA,NA,NA,NA,NA,NA,NA,NA,NA,NA,NA,NA,NA,NA,NA,NA,NA,NA,NA,NA,NA,NA,NA,NA,NA,NA,NA
el-rosario,El Rosario,52256,FALSE,93,93,NA,NA,1,NA,NA,1,8,1,NA,7,NA,2,3,NA,NA,5,55,NA,NA,NA,NA,1,1,52,1,NA,NA,174,174,0,0,1,NA,NA,1,9,1,NA,8,NA,2,4,NA,NA,5,100,NA,NA,NA,NA,1,1,95,3,NA,NA,1,NA,NA,1,8,1,NA,7,NA,2,3,5,NA,NA,55,NA,NA,NA,NA,1,1,52,1,NA,NA,1,NA,NA,1,9,1,NA,8,NA,2,4,5,NA,NA,100,NA,NA,NA,NA,1,1,95,3,NA,NA,NA,NA,NA,NA,NA,NA,NA,NA,NA,NA,NA,NA,NA,NA,NA,NA,NA,NA,NA,NA,NA,NA,NA,NA,NA,NA,NA,NA,NA,NA,NA,NA,NA,NA,NA,NA,NA,NA,NA,NA,NA,NA,NA,NA,NA,NA,NA,NA,NA,NA,NA,NA,NA,NA,NA,NA,NA,NA,NA,NA,NA,NA,NA,NA,NA,NA,NA,NA,NA,NA,NA,NA,NA,NA,NA,NA,NA,NA,NA,NA,NA,NA,NA,NA,NA,NA,NA,NA,NA,NA,NA,NA,NA,NA,NA,NA,NA,NA,NA,NA
el-tablon-de-gomez,El Tablón de Gómez,52258,FALSE,210,210,NA,NA,4,NA,NA,4,33,NA,NA,33,NA,10,1,NA,NA,5,135,NA,1,NA,NA,3,4,127,NA,NA,NA,2453,2453,0,0,43,NA,NA,43,221,NA,NA,221,NA,95,1,NA,NA,26,922,NA,1,NA,NA,52,21,848,NA,NA,NA,4,NA,NA,4,33,NA,NA,33,NA,10,1,5,NA,NA,135,NA,1,NA,NA,3,4,127,NA,NA,NA,43,NA,NA,43,221,NA,NA,221,NA,95,1,26,NA,NA,922,NA,1,NA,NA,52,21,848,NA,NA,NA,NA,NA,NA,NA,NA,NA,NA,NA,NA,NA,NA,NA,NA,NA,NA,NA,NA,NA,NA,NA,NA,NA,NA,NA,NA,NA,NA,NA,NA,NA,NA,NA,NA,NA,NA,NA,NA,NA,NA,NA,NA,NA,NA,NA,NA,NA,NA,NA,NA,NA,NA,NA,NA,NA,NA,NA,NA,NA,NA,NA,NA,NA,NA,NA,NA,NA,NA,NA,NA,NA,NA,NA,NA,NA,NA,NA,NA,NA,NA,NA,NA,NA,NA,NA,NA,NA,NA,NA,NA,NA,NA,NA,NA,NA,NA,NA,NA,NA,NA,NA
el-tambo-nar,El Tambo,52260,FALSE,219,219,NA,NA,2,NA,NA,2,26,NA,NA,26,NA,6,2,NA,NA,5,145,NA,NA,NA,NA,1,NA,143,1,NA,NA,574,574,0,0,3,NA,NA,3,61,NA,NA,61,NA,8,2,NA,NA,21,424,NA,NA,NA,NA,1,NA,422,1,NA,NA,2,NA,NA,2,26,NA,NA,26,NA,6,2,5,NA,NA,145,NA,NA,NA,NA,1,NA,143,1,NA,NA,3,NA,NA,3,61,NA,NA,61,NA,8,2,21,NA,NA,424,NA,NA,NA,NA,1,NA,422,1,NA,NA,NA,NA,NA,NA,NA,NA,NA,NA,NA,NA,NA,NA,NA,NA,NA,NA,NA,NA,NA,NA,NA,NA,NA,NA,NA,NA,NA,NA,NA,NA,NA,NA,NA,NA,NA,NA,NA,NA,NA,NA,NA,NA,NA,NA,NA,NA,NA,NA,NA,NA,NA,NA,NA,NA,NA,NA,NA,NA,NA,NA,NA,NA,NA,NA,NA,NA,NA,NA,NA,NA,NA,NA,NA,NA,NA,NA,NA,NA,NA,NA,NA,NA,NA,NA,NA,NA,NA,NA,NA,NA,NA,NA,NA,NA,NA,NA,NA,NA,NA,NA
francisco-pizarro,Francisco Pizarro,52520,TRUE,80,78,2,1,2,NA,NA,2,5,1,NA,4,NA,NA,NA,NA,NA,NA,29,NA,NA,NA,NA,1,NA,26,1,NA,NA,169,166,2,14,2,NA,NA,2,5,1,NA,4,NA,0,0,NA,NA,NA,38,NA,NA,NA,NA,1,NA,35,1,NA,NA,2,NA,NA,2,5,1,NA,4,NA,NA,NA,NA,NA,NA,29,NA,NA,NA,NA,1,NA,26,1,NA,NA,2,NA,NA,2,5,1,NA,4,NA,0,0,NA,NA,NA,38,NA,NA,NA,NA,1,NA,35,1,NA,NA,NA,NA,NA,NA,NA,NA,NA,NA,NA,NA,NA,NA,NA,NA,NA,NA,NA,NA,NA,NA,NA,NA,NA,NA,NA,0,NA,NA,NA,0,NA,NA,NA,NA,0,0,NA,NA,NA,0,NA,NA,NA,NA,NA,NA,NA,NA,NA,NA,NA,NA,NA,NA,NA,NA,NA,NA,NA,NA,NA,NA,NA,NA,NA,NA,NA,NA,NA,NA,NA,NA,NA,NA,NA,0,NA,NA,NA,0,NA,NA,NA,NA,0,0,NA,NA,NA,0,NA,NA,NA,NA,NA,NA,NA,NA,NA,NA
funes,Funes,52287,FALSE,189,189,NA,NA,3,NA,NA,3,21,1,NA,20,NA,12,2,NA,NA,2,93,NA,NA,NA,NA,1,4,88,NA,NA,NA,657,657,0,0,12,NA,NA,12,88,3,NA,85,NA,13,4,NA,NA,16,463,NA,NA,NA,NA,3,18,442,NA,NA,NA,3,NA,NA,3,21,1,NA,20,NA,12,2,2,NA,NA,93,NA,NA,NA,NA,1,4,88,NA,NA,NA,12,NA,NA,12,88,3,NA,85,NA,13,4,16,NA,NA,463,NA,NA,NA,NA,3,18,442,NA,NA,NA,NA,NA,NA,NA,NA,NA,NA,NA,NA,NA,NA,NA,NA,NA,NA,NA,NA,NA,NA,NA,NA,NA,NA,NA,NA,NA,NA,NA,NA,NA,NA,NA,NA,NA,NA,NA,NA,NA,NA,NA,NA,NA,NA,NA,NA,NA,NA,NA,NA,NA,NA,NA,NA,NA,NA,NA,NA,NA,NA,NA,NA,NA,NA,NA,NA,NA,NA,NA,NA,NA,NA,NA,NA,NA,NA,NA,NA,NA,NA,NA,NA,NA,NA,NA,NA,NA,NA,NA,NA,NA,NA,NA,NA,NA,NA,NA,NA,NA,NA,NA
guachucal,Guachucal,52317,FALSE,117,117,NA,NA,4,1,1,2,25,NA,NA,25,NA,1,2,NA,NA,1,78,NA,1,NA,NA,NA,3,74,NA,NA,NA,265,265,0,0,10,6,1,3,50,NA,NA,50,NA,2,3,NA,NA,1,155,NA,5,NA,NA,NA,3,147,NA,NA,NA,4,1,1,2,25,NA,NA,25,NA,1,2,1,NA,NA,78,NA,1,NA,NA,NA,3,74,NA,NA,NA,10,6,1,3,50,NA,NA,50,NA,2,3,1,NA,NA,155,NA,5,NA,NA,NA,3,147,NA,NA,NA,NA,NA,NA,NA,NA,NA,NA,NA,NA,NA,NA,NA,NA,NA,NA,NA,NA,NA,NA,NA,NA,NA,NA,NA,NA,NA,NA,NA,NA,NA,NA,NA,NA,NA,NA,NA,NA,NA,NA,NA,NA,NA,NA,NA,NA,NA,NA,NA,NA,NA,NA,NA,NA,NA,NA,NA,NA,NA,NA,NA,NA,NA,NA,NA,NA,NA,NA,NA,NA,NA,NA,NA,NA,NA,NA,NA,NA,NA,NA,NA,NA,NA,NA,NA,NA,NA,NA,NA,NA,NA,NA,NA,NA,NA,NA,NA,NA,NA,NA,NA
guaitarilla,Guaitarilla,52320,FALSE,12,12,NA,NA,NA,NA,NA,NA,NA,NA,NA,NA,NA,1,NA,NA,NA,NA,6,NA,NA,NA,NA,NA,NA,6,NA,NA,NA,26,26,0,0,0,NA,NA,NA,0,NA,NA,NA,NA,1,0,NA,NA,NA,9,NA,NA,NA,NA,NA,NA,9,NA,NA,NA,NA,NA,NA,NA,NA,NA,NA,NA,NA,1,NA,NA,NA,NA,6,NA,NA,NA,NA,NA,NA,6,NA,NA,NA,0,NA,NA,NA,0,NA,NA,NA,NA,1,0,NA,NA,NA,9,NA,NA,NA,NA,NA,NA,9,NA,NA,NA,NA,NA,NA,NA,NA,NA,NA,NA,NA,NA,NA,NA,NA,NA,NA,NA,NA,NA,NA,NA,NA,NA,NA,NA,NA,NA,NA,NA,NA,NA,NA,NA,NA,NA,NA,NA,NA,NA,NA,NA,NA,NA,NA,NA,NA,NA,NA,NA,NA,NA,NA,NA,NA,NA,NA,NA,NA,NA,NA,NA,NA,NA,NA,NA,NA,NA,NA,NA,NA,NA,NA,NA,NA,NA,NA,NA,NA,NA,NA,NA,NA,NA,NA,NA,NA,NA,NA,NA,NA,NA,NA,NA,NA,NA,NA,NA,NA,NA,NA,NA
gualmatan,Gualmatán,52323,FALSE,201,201,NA,NA,1,NA,NA,1,29,NA,NA,29,NA,8,1,NA,NA,2,95,NA,NA,NA,NA,1,3,90,1,NA,NA,2223,2223,0,0,8,NA,NA,8,171,NA,NA,171,NA,52,1,NA,NA,3,1012,NA,NA,NA,NA,18,19,710,265,NA,NA,1,NA,NA,1,29,NA,NA,29,NA,8,1,2,NA,NA,95,NA,NA,NA,NA,1,3,90,1,NA,NA,8,NA,NA,8,171,NA,NA,171,NA,52,1,3,NA,NA,1012,NA,NA,NA,NA,18,19,710,265,NA,NA,NA,NA,NA,NA,NA,NA,NA,NA,NA,NA,NA,NA,NA,NA,NA,NA,NA,NA,NA,NA,NA,NA,NA,NA,NA,NA,NA,NA,NA,NA,NA,NA,NA,NA,NA,NA,NA,NA,NA,NA,NA,NA,NA,NA,NA,NA,NA,NA,NA,NA,NA,NA,NA,NA,NA,NA,NA,NA,NA,NA,NA,NA,NA,NA,NA,NA,NA,NA,NA,NA,NA,NA,NA,NA,NA,NA,NA,NA,NA,NA,NA,NA,NA,NA,NA,NA,NA,NA,NA,NA,NA,NA,NA,NA,NA,NA,NA,NA,NA,NA
iles,Iles,52352,FALSE,94,94,NA,NA,1,NA,NA,1,10,NA,NA,9,1,2,NA,NA,NA,2,52,NA,NA,NA,1,NA,1,50,NA,NA,NA,206,206,0,0,1,NA,NA,1,22,NA,NA,21,1,2,0,NA,NA,10,140,NA,NA,NA,1,NA,1,138,NA,NA,NA,1,NA,NA,1,10,NA,NA,9,1,2,NA,2,NA,NA,52,NA,NA,NA,1,NA,1,50,NA,NA,NA,1,NA,NA,1,22,NA,NA,21,1,2,0,10,NA,NA,140,NA,NA,NA,1,NA,1,138,NA,NA,NA,NA,NA,NA,NA,NA,NA,NA,NA,NA,NA,NA,NA,NA,NA,NA,NA,NA,NA,NA,NA,NA,NA,NA,NA,NA,NA,NA,NA,NA,NA,NA,NA,NA,NA,NA,NA,NA,NA,NA,NA,NA,NA,NA,NA,NA,NA,NA,NA,NA,NA,NA,NA,NA,NA,NA,NA,NA,NA,NA,NA,NA,NA,NA,NA,NA,NA,NA,NA,NA,NA,NA,NA,NA,NA,NA,NA,NA,NA,NA,NA,NA,NA,NA,NA,NA,NA,NA,NA,NA,NA,NA,NA,NA,NA,NA,NA,NA,NA,NA,NA
imues,Imués,52354,FALSE,243,243,NA,NA,3,NA,2,1,14,NA,NA,14,NA,6,7,NA,NA,8,95,NA,NA,NA,NA,NA,1,94,NA,NA,NA,649,649,0,0,19,NA,10,9,42,NA,NA,42,NA,6,11,NA,NA,26,286,NA,NA,NA,NA,NA,9,277,NA,NA,NA,3,NA,2,1,14,NA,NA,14,NA,6,7,8,NA,NA,95,NA,NA,NA,NA,NA,1,94,NA,NA,NA,19,NA,10,9,42,NA,NA,42,NA,6,11,26,NA,NA,286,NA,NA,NA,NA,NA,9,277,NA,NA,NA,NA,NA,NA,NA,NA,NA,NA,NA,NA,NA,NA,NA,NA,NA,NA,NA,NA,NA,NA,NA,NA,NA,NA,NA,NA,NA,NA,NA,NA,NA,NA,NA,NA,NA,NA,NA,NA,NA,NA,NA,NA,NA,NA,NA,NA,NA,NA,NA,NA,NA,NA,NA,NA,NA,NA,NA,NA,NA,NA,NA,NA,NA,NA,NA,NA,NA,NA,NA,NA,NA,NA,NA,NA,NA,NA,NA,NA,NA,NA,NA,NA,NA,NA,NA,NA,NA,NA,NA,NA,NA,NA,NA,NA,NA,NA,NA,NA,NA,NA,NA
ipiales,Ipiales,52356,FALSE,1010,1010,NA,NA,7,NA,1,6,59,NA,NA,57,2,28,10,NA,NA,10,440,NA,3,NA,1,4,9,421,NA,NA,NA,4139,4139,0,0,27,NA,1,26,183,NA,NA,180,3,44,37,NA,NA,50,1585,NA,35,NA,1,11,52,1483,NA,NA,NA,7,NA,1,6,59,NA,NA,57,2,28,10,10,NA,NA,440,NA,3,NA,1,4,9,421,NA,NA,NA,27,NA,1,26,183,NA,NA,180,3,44,37,50,NA,NA,1585,NA,35,NA,1,11,52,1483,NA,NA,NA,NA,NA,NA,NA,NA,NA,NA,NA,NA,NA,NA,NA,NA,NA,NA,NA,NA,NA,NA,NA,NA,NA,NA,NA,NA,NA,NA,NA,NA,NA,NA,NA,NA,NA,NA,NA,NA,NA,NA,NA,NA,NA,NA,NA,NA,NA,NA,NA,NA,NA,NA,NA,NA,NA,NA,NA,NA,NA,NA,NA,NA,NA,NA,NA,NA,NA,NA,NA,NA,NA,NA,NA,NA,NA,NA,NA,NA,NA,NA,NA,NA,NA,NA,NA,NA,NA,NA,NA,NA,NA,NA,NA,NA,NA,NA,NA,NA,NA,NA,NA
la-cruz,La Cruz,52378,FALSE,362,362,NA,NA,9,NA,3,6,36,1,NA,35,NA,14,NA,NA,NA,8,201,NA,NA,NA,2,9,2,187,1,NA,NA,3206,3206,0,0,26,NA,7,19,240,3,NA,237,NA,63,0,NA,NA,52,1519,NA,NA,NA,6,41,8,1421,43,NA,NA,9,NA,3,6,36,1,NA,35,NA,14,NA,8,NA,NA,201,NA,NA,NA,2,9,2,187,1,NA,NA,26,NA,7,19,240,3,NA,237,NA,63,0,52,NA,NA,1519,NA,NA,NA,6,41,8,1421,43,NA,NA,NA,NA,NA,NA,NA,NA,NA,NA,NA,NA,NA,NA,NA,NA,NA,NA,NA,NA,NA,NA,NA,NA,NA,NA,NA,NA,NA,NA,NA,NA,NA,NA,NA,NA,NA,NA,NA,NA,NA,NA,NA,NA,NA,NA,NA,NA,NA,NA,NA,NA,NA,NA,NA,NA,NA,NA,NA,NA,NA,NA,NA,NA,NA,NA,NA,NA,NA,NA,NA,NA,NA,NA,NA,NA,NA,NA,NA,NA,NA,NA,NA,NA,NA,NA,NA,NA,NA,NA,NA,NA,NA,NA,NA,NA,NA,NA,NA,NA,NA,NA
la-florida,La Florida,52381,FALSE,344,344,NA,NA,1,NA,NA,1,5,NA,NA,5,NA,17,9,1,NA,4,83,NA,NA,2,NA,2,NA,79,NA,NA,NA,1051,1051,0,0,3,NA,NA,3,8,NA,NA,8,NA,26,9,1,NA,8,254,NA,NA,2,NA,5,NA,247,NA,NA,NA,1,NA,NA,1,5,NA,NA,5,NA,17,9,4,1,NA,83,NA,NA,2,NA,2,NA,79,NA,NA,NA,3,NA,NA,3,8,NA,NA,8,NA,26,9,8,1,NA,254,NA,NA,2,NA,5,NA,247,NA,NA,NA,NA,NA,NA,NA,NA,NA,NA,NA,NA,NA,NA,NA,NA,NA,NA,NA,NA,NA,NA,NA,NA,NA,NA,NA,NA,NA,NA,NA,NA,NA,NA,NA,NA,NA,NA,NA,NA,NA,NA,NA,NA,NA,NA,NA,NA,NA,NA,NA,NA,NA,NA,NA,NA,NA,NA,NA,NA,NA,NA,NA,NA,NA,NA,NA,NA,NA,NA,NA,NA,NA,NA,NA,NA,NA,NA,NA,NA,NA,NA,NA,NA,NA,NA,NA,NA,NA,NA,NA,NA,NA,NA,NA,NA,NA,NA,NA,NA,NA,NA,NA
la-llanada,La Llanada,52385,FALSE,82,82,NA,NA,1,NA,NA,1,13,NA,NA,13,NA,1,NA,NA,NA,4,66,NA,NA,NA,NA,NA,1,65,NA,NA,NA,165,165,0,0,1,NA,NA,1,21,NA,NA,21,NA,1,0,NA,NA,8,119,NA,NA,NA,NA,NA,1,118,NA,NA,NA,1,NA,NA,1,13,NA,NA,13,NA,1,NA,4,NA,NA,66,NA,NA,NA,NA,NA,1,65,NA,NA,NA,1,NA,NA,1,21,NA,NA,21,NA,1,0,8,NA,NA,119,NA,NA,NA,NA,NA,1,118,NA,NA,NA,NA,NA,NA,NA,NA,NA,NA,NA,NA,NA,NA,NA,NA,NA,NA,NA,NA,NA,NA,NA,NA,NA,NA,NA,NA,NA,NA,NA,NA,NA,NA,NA,NA,NA,NA,NA,NA,NA,NA,NA,NA,NA,NA,NA,NA,NA,NA,NA,NA,NA,NA,NA,NA,NA,NA,NA,NA,NA,NA,NA,NA,NA,NA,NA,NA,NA,NA,NA,NA,NA,NA,NA,NA,NA,NA,NA,NA,NA,NA,NA,NA,NA,NA,NA,NA,NA,NA,NA,NA,NA,NA,NA,NA,NA,NA,NA,NA,NA,NA,NA
la-tola,La Tola,52390,TRUE,291,184,123,45,7,NA,2,5,14,2,NA,11,1,NA,2,NA,NA,36,185,NA,NA,2,NA,2,6,171,4,NA,NA,2816,1769,998,558,153,NA,10,143,45,10,NA,33,2,0,3,NA,NA,1211,2466,NA,NA,8,NA,10,17,2410,21,NA,NA,4,NA,2,2,13,2,NA,10,1,NA,2,36,NA,NA,141,NA,NA,NA,NA,2,6,132,1,NA,NA,21,NA,10,11,41,10,NA,29,2,0,3,1195,NA,NA,1649,NA,NA,NA,NA,10,17,1621,1,NA,NA,3,NA,NA,3,1,NA,NA,1,NA,NA,NA,9,NA,NA,65,NA,NA,2,NA,NA,NA,60,3,NA,NA,132,NA,NA,132,4,NA,NA,4,NA,0,0,16,NA,NA,816,NA,NA,8,NA,NA,NA,788,20,NA,NA,2,NA,NA,2,2,NA,NA,2,NA,NA,NA,NA,NA,NA,39,NA,NA,1,NA,NA,1,34,3,NA,NA,88,NA,NA,88,7,NA,NA,7,NA,0,0,NA,NA,NA,422,NA,NA,4,NA,NA,1,397,20,NA,NA
la-union-nar,La Unión,52399,FALSE,464,464,NA,1,3,NA,2,1,29,NA,NA,29,NA,13,12,NA,NA,16,220,NA,1,NA,4,1,3,209,1,NA,NA,3505,3505,0,1,12,NA,6,6,219,NA,NA,219,NA,183,53,NA,NA,141,2283,NA,8,NA,11,1,23,2215,24,NA,NA,3,NA,2,1,29,NA,NA,29,NA,13,12,16,NA,NA,220,NA,1,NA,4,1,3,209,1,NA,NA,12,NA,6,6,219,NA,NA,219,NA,183,53,141,NA,NA,2283,NA,8,NA,11,1,23,2215,24,NA,NA,NA,NA,NA,NA,NA,NA,NA,NA,NA,NA,NA,NA,NA,NA,NA,NA,NA,NA,NA,NA,NA,NA,NA,NA,NA,NA,NA,NA,NA,NA,NA,NA,NA,NA,NA,NA,NA,NA,NA,NA,NA,NA,NA,NA,NA,NA,NA,NA,NA,NA,NA,NA,NA,NA,NA,NA,NA,NA,NA,NA,NA,NA,NA,NA,1,NA,NA,NA,NA,NA,NA,1,NA,NA,NA,0,NA,NA,NA,0,NA,NA,NA,NA,0,0,NA,NA,NA,1,NA,NA,NA,NA,NA,NA,1,NA,NA,NA
leiva,Leiva,52405,FALSE,79,79,NA,NA,1,NA,NA,1,5,1,NA,3,1,4,NA,NA,NA,1,26,NA,NA,NA,NA,2,NA,23,1,NA,NA,132,132,0,0,1,NA,NA,1,5,1,NA,3,1,5,0,NA,NA,1,32,NA,NA,NA,NA,2,NA,29,1,NA,NA,1,NA,NA,1,5,1,NA,3,1,4,NA,1,NA,NA,26,NA,NA,NA,NA,2,NA,23,1,NA,NA,1,NA,NA,1,5,1,NA,3,1,5,0,1,NA,NA,32,NA,NA,NA,NA,2,NA,29,1,NA,NA,NA,NA,NA,NA,NA,NA,NA,NA,NA,NA,NA,NA,NA,NA,NA,NA,NA,NA,NA,NA,NA,NA,NA,NA,NA,NA,NA,NA,NA,NA,NA,NA,NA,NA,NA,NA,NA,NA,NA,NA,NA,NA,NA,NA,NA,NA,NA,NA,NA,NA,NA,NA,NA,NA,NA,NA,NA,NA,NA,NA,NA,NA,NA,NA,NA,NA,NA,NA,NA,NA,NA,NA,NA,NA,NA,NA,NA,NA,NA,NA,NA,NA,NA,NA,NA,NA,NA,NA,NA,NA,NA,NA,NA,NA,NA,NA,NA,NA,NA,NA
linares,Linares,52411,FALSE,17,17,NA,NA,NA,NA,NA,NA,NA,NA,NA,NA,NA,1,NA,NA,NA,NA,11,NA,NA,NA,NA,NA,NA,11,NA,NA,NA,29,29,0,0,0,NA,NA,NA,0,NA,NA,NA,NA,2,0,NA,NA,NA,12,NA,NA,NA,NA,NA,NA,12,NA,NA,NA,NA,NA,NA,NA,NA,NA,NA,NA,NA,1,NA,NA,NA,NA,11,NA,NA,NA,NA,NA,NA,11,NA,NA,NA,0,NA,NA,NA,0,NA,NA,NA,NA,2,0,NA,NA,NA,12,NA,NA,NA,NA,NA,NA,12,NA,NA,NA,NA,NA,NA,NA,NA,NA,NA,NA,NA,NA,NA,NA,NA,NA,NA,NA,NA,NA,NA,NA,NA,NA,NA,NA,NA,NA,NA,NA,NA,NA,NA,NA,NA,NA,NA,NA,NA,NA,NA,NA,NA,NA,NA,NA,NA,NA,NA,NA,NA,NA,NA,NA,NA,NA,NA,NA,NA,NA,NA,NA,NA,NA,NA,NA,NA,NA,NA,NA,NA,NA,NA,NA,NA,NA,NA,NA,NA,NA,NA,NA,NA,NA,NA,NA,NA,NA,NA,NA,NA,NA,NA,NA,NA,NA,NA,NA,NA,NA,NA,NA
los-andes,Los Andes,52418,FALSE,228,228,NA,NA,5,NA,3,2,12,1,NA,11,NA,12,3,NA,NA,8,120,NA,NA,NA,2,1,3,114,NA,NA,NA,1643,1643,0,0,7,NA,5,2,20,1,NA,19,NA,58,7,NA,NA,13,847,NA,NA,NA,2,3,3,839,NA,NA,NA,5,NA,3,2,12,1,NA,11,NA,12,3,8,NA,NA,120,NA,NA,NA,2,1,3,114,NA,NA,NA,7,NA,5,2,20,1,NA,19,NA,58,7,13,NA,NA,847,NA,NA,NA,2,3,3,839,NA,NA,NA,NA,NA,NA,NA,NA,NA,NA,NA,NA,NA,NA,NA,NA,NA,NA,NA,NA,NA,NA,NA,NA,NA,NA,NA,NA,NA,NA,NA,NA,NA,NA,NA,NA,NA,NA,NA,NA,NA,NA,NA,NA,NA,NA,NA,NA,NA,NA,NA,NA,NA,NA,NA,NA,NA,NA,NA,NA,NA,NA,NA,NA,NA,NA,NA,NA,NA,NA,NA,NA,NA,NA,NA,NA,NA,NA,NA,NA,NA,NA,NA,NA,NA,NA,NA,NA,NA,NA,NA,NA,NA,NA,NA,NA,NA,NA,NA,NA,NA,NA,NA
magui,Magüí,52427,FALSE,153,153,NA,NA,NA,NA,NA,NA,9,NA,NA,8,1,8,2,NA,NA,NA,71,NA,NA,NA,1,1,NA,67,1,NA,NA,330,330,0,1,0,NA,NA,NA,11,NA,NA,9,2,14,2,NA,NA,NA,101,NA,NA,NA,3,1,NA,95,1,NA,NA,NA,NA,NA,NA,9,NA,NA,8,1,8,2,NA,NA,NA,71,NA,NA,NA,1,1,NA,67,1,NA,NA,0,NA,NA,NA,11,NA,NA,9,2,14,2,NA,NA,NA,101,NA,NA,NA,3,1,NA,95,1,NA,NA,NA,NA,NA,NA,NA,NA,NA,NA,NA,NA,NA,NA,NA,NA,NA,NA,NA,NA,NA,NA,NA,NA,NA,NA,NA,NA,NA,NA,NA,NA,NA,NA,NA,NA,NA,NA,NA,NA,NA,NA,NA,NA,NA,NA,NA,NA,NA,NA,NA,NA,NA,NA,NA,NA,NA,NA,NA,NA,NA,NA,NA,NA,NA,NA,NA,NA,NA,NA,NA,NA,NA,NA,NA,NA,NA,0,NA,NA,NA,0,NA,NA,NA,NA,0,0,NA,NA,NA,0,NA,NA,NA,NA,NA,NA,NA,NA,NA,NA
mallama,Mallama,52435,FALSE,1089,1089,NA,1,10,NA,5,5,49,NA,NA,48,1,37,9,NA,NA,10,339,NA,2,1,1,5,11,317,1,NA,NA,3140,3140,0,2,48,NA,41,7,183,NA,NA,168,15,73,19,NA,NA,70,1346,NA,3,1,1,15,66,1258,1,NA,NA,10,NA,5,5,49,NA,NA,48,1,37,9,10,NA,NA,339,NA,2,1,1,5,11,317,1,NA,NA,48,NA,41,7,183,NA,NA,168,15,73,19,70,NA,NA,1346,NA,3,1,1,15,66,1258,1,NA,NA,NA,NA,NA,NA,NA,NA,NA,NA,NA,NA,NA,NA,NA,NA,NA,NA,NA,NA,NA,NA,NA,NA,NA,NA,NA,NA,NA,NA,NA,NA,NA,NA,NA,NA,NA,NA,NA,NA,NA,NA,NA,NA,NA,NA,NA,NA,NA,NA,NA,NA,NA,NA,NA,NA,NA,NA,NA,NA,NA,NA,NA,NA,NA,NA,1,NA,NA,NA,NA,NA,NA,1,NA,NA,NA,0,NA,NA,NA,0,NA,NA,NA,NA,0,0,NA,NA,NA,2,NA,NA,NA,NA,NA,NA,2,NA,NA,NA
mosquera-nar,Mosquera,52473,TRUE,193,152,40,32,8,1,3,4,7,2,NA,5,NA,4,3,1,NA,27,145,NA,NA,2,NA,4,3,135,1,NA,NA,1345,998,332,243,67,1,6,60,23,4,NA,19,NA,9,10,2,NA,321,983,NA,NA,5,NA,5,4,965,4,NA,NA,6,1,3,2,7,2,NA,5,NA,4,3,27,1,NA,107,NA,NA,1,NA,4,3,99,NA,NA,NA,39,1,6,32,23,4,NA,19,NA,9,10,321,2,NA,680,NA,NA,1,NA,5,4,670,NA,NA,NA,2,NA,NA,2,NA,NA,NA,NA,NA,NA,NA,NA,NA,NA,38,NA,NA,1,NA,NA,NA,36,1,NA,NA,28,NA,NA,28,0,NA,NA,NA,NA,0,0,NA,NA,NA,303,NA,NA,4,NA,NA,NA,295,4,NA,NA,1,NA,NA,1,1,NA,NA,1,NA,NA,NA,1,NA,NA,28,NA,NA,NA,NA,NA,NA,27,1,NA,NA,24,NA,NA,24,4,NA,NA,4,NA,0,0,1,NA,NA,194,NA,NA,NA,NA,NA,NA,190,4,NA,NA
narino-nar,Nariño,52480,FALSE,98,98,NA,NA,2,NA,NA,2,NA,NA,NA,NA,NA,2,1,NA,NA,NA,21,NA,NA,NA,NA,NA,NA,21,NA,NA,NA,196,196,0,0,5,NA,NA,5,0,NA,NA,NA,NA,5,1,NA,NA,NA,35,NA,NA,NA,NA,NA,NA,35,NA,NA,NA,2,NA,NA,2,NA,NA,NA,NA,NA,2,1,NA,NA,NA,21,NA,NA,NA,NA,NA,NA,21,NA,NA,NA,5,NA,NA,5,0,NA,NA,NA,NA,5,1,NA,NA,NA,35,NA,NA,NA,NA,NA,NA,35,NA,NA,NA,NA,NA,NA,NA,NA,NA,NA,NA,NA,NA,NA,NA,NA,NA,NA,NA,NA,NA,NA,NA,NA,NA,NA,NA,NA,NA,NA,NA,NA,NA,NA,NA,NA,NA,NA,NA,NA,NA,NA,NA,NA,NA,NA,NA,NA,NA,NA,NA,NA,NA,NA,NA,NA,NA,NA,NA,NA,NA,NA,NA,NA,NA,NA,NA,NA,NA,NA,NA,NA,NA,NA,NA,NA,NA,NA,NA,NA,NA,NA,NA,NA,NA,NA,NA,NA,NA,NA,NA,NA,NA,NA,NA,NA,NA,NA,NA,NA,NA,NA,NA
olaya-herrera,Olaya Herrera,52490,TRUE,107,107,NA,2,2,NA,2,NA,1,NA,NA,1,NA,2,5,NA,NA,13,54,NA,NA,NA,NA,1,NA,52,NA,NA,NA,209,209,0,11,2,NA,2,NA,1,NA,NA,1,NA,2,5,NA,NA,69,133,NA,NA,NA,NA,1,NA,131,NA,NA,NA,2,NA,2,NA,1,NA,NA,1,NA,2,5,13,NA,NA,54,NA,NA,NA,NA,1,NA,52,NA,NA,NA,2,NA,2,NA,1,NA,NA,1,NA,2,5,69,NA,NA,133,NA,NA,NA,NA,1,NA,131,NA,NA,NA,NA,NA,NA,NA,NA,NA,NA,NA,NA,NA,NA,NA,NA,NA,NA,NA,NA,NA,NA,NA,NA,NA,NA,NA,NA,NA,NA,NA,NA,NA,NA,NA,NA,NA,NA,NA,NA,NA,NA,NA,NA,NA,NA,NA,NA,NA,NA,NA,NA,NA,NA,NA,NA,NA,NA,NA,NA,NA,NA,NA,NA,NA,NA,NA,2,NA,NA,NA,NA,NA,NA,2,NA,NA,NA,0,NA,NA,NA,0,NA,NA,NA,NA,0,0,NA,NA,NA,10,NA,NA,NA,NA,NA,NA,10,NA,NA,NA
ospina,Ospina,52506,FALSE,116,116,NA,NA,2,NA,1,1,21,NA,NA,21,NA,1,1,NA,NA,5,86,NA,NA,NA,NA,NA,3,83,NA,NA,NA,200,200,0,0,2,NA,1,1,39,NA,NA,39,NA,1,5,NA,NA,12,158,NA,NA,NA,NA,NA,4,154,NA,NA,NA,2,NA,1,1,21,NA,NA,21,NA,1,1,5,NA,NA,86,NA,NA,NA,NA,NA,3,83,NA,NA,NA,2,NA,1,1,39,NA,NA,39,NA,1,5,12,NA,NA,158,NA,NA,NA,NA,NA,4,154,NA,NA,NA,NA,NA,NA,NA,NA,NA,NA,NA,NA,NA,NA,NA,NA,NA,NA,NA,NA,NA,NA,NA,NA,NA,NA,NA,NA,NA,NA,NA,NA,NA,NA,NA,NA,NA,NA,NA,NA,NA,NA,NA,NA,NA,NA,NA,NA,NA,NA,NA,NA,NA,NA,NA,NA,NA,NA,NA,NA,NA,NA,NA,NA,NA,NA,NA,NA,NA,NA,NA,NA,NA,NA,NA,NA,NA,NA,NA,NA,NA,NA,NA,NA,NA,NA,NA,NA,NA,NA,NA,NA,NA,NA,NA,NA,NA,NA,NA,NA,NA,NA,NA
pasto,Pasto,52001,FALSE,2559,2538,28,4,44,6,14,24,146,4,NA,140,2,122,54,1,NA,65,673,NA,3,4,10,19,25,604,8,NA,NA,40578,39970,589,125,1075,234,118,723,3777,20,NA,3751,6,628,570,1,NA,1686,24445,NA,64,59,50,304,322,23421,225,NA,NA,42,6,13,23,146,4,NA,140,2,122,54,52,1,NA,652,NA,3,4,10,19,22,586,8,NA,NA,1070,234,117,719,3777,20,NA,3751,6,628,570,1189,1,NA,23837,NA,64,59,50,304,286,22849,225,NA,NA,2,1,NA,1,NA,NA,NA,NA,NA,NA,NA,19,NA,NA,27,NA,NA,NA,NA,NA,3,24,NA,NA,NA,5,NA,1,4,0,NA,NA,NA,NA,0,0,485,NA,NA,583,NA,NA,NA,NA,NA,36,547,NA,NA,NA,NA,NA,NA,NA,NA,NA,NA,NA,NA,NA,NA,2,NA,NA,3,NA,NA,NA,NA,NA,NA,3,NA,NA,NA,0,NA,NA,NA,0,NA,NA,NA,NA,0,0,3,NA,NA,85,NA,NA,NA,NA,NA,NA,85,NA,NA,NA
policarpa,Policarpa,52540,FALSE,232,232,NA,NA,2,NA,NA,2,26,NA,NA,25,1,4,2,NA,NA,8,186,NA,NA,1,NA,1,7,177,NA,NA,NA,1539,1539,0,0,5,NA,NA,5,201,NA,NA,184,17,7,15,NA,NA,64,1358,NA,NA,23,NA,8,46,1281,NA,NA,NA,2,NA,NA,2,26,NA,NA,25,1,4,2,8,NA,NA,186,NA,NA,1,NA,1,7,177,NA,NA,NA,5,NA,NA,5,201,NA,NA,184,17,7,15,64,NA,NA,1358,NA,NA,23,NA,8,46,1281,NA,NA,NA,NA,NA,NA,NA,NA,NA,NA,NA,NA,NA,NA,NA,NA,NA,NA,NA,NA,NA,NA,NA,NA,NA,NA,NA,NA,NA,NA,NA,NA,NA,NA,NA,NA,NA,NA,NA,NA,NA,NA,NA,NA,NA,NA,NA,NA,NA,NA,NA,NA,NA,NA,NA,NA,NA,NA,NA,NA,NA,NA,NA,NA,NA,NA,NA,NA,NA,NA,NA,NA,NA,NA,NA,NA,NA,NA,NA,NA,NA,NA,NA,NA,NA,NA,NA,NA,NA,NA,NA,NA,NA,NA,NA,NA,NA,NA,NA,NA,NA,NA,NA
potosi,Potosí,52560,FALSE,155,155,NA,NA,3,NA,NA,3,23,2,NA,21,NA,3,1,NA,NA,3,83,NA,1,1,NA,2,1,78,NA,NA,NA,306,306,0,0,7,NA,NA,7,48,2,NA,46,NA,4,3,NA,NA,4,171,NA,1,1,NA,2,3,164,NA,NA,NA,3,NA,NA,3,23,2,NA,21,NA,3,1,3,NA,NA,83,NA,1,1,NA,2,1,78,NA,NA,NA,7,NA,NA,7,48,2,NA,46,NA,4,3,4,NA,NA,171,NA,1,1,NA,2,3,164,NA,NA,NA,NA,NA,NA,NA,NA,NA,NA,NA,NA,NA,NA,NA,NA,NA,NA,NA,NA,NA,NA,NA,NA,NA,NA,NA,NA,NA,NA,NA,NA,NA,NA,NA,NA,NA,NA,NA,NA,NA,NA,NA,NA,NA,NA,NA,NA,NA,NA,NA,NA,NA,NA,NA,NA,NA,NA,NA,NA,NA,NA,NA,NA,NA,NA,NA,NA,NA,NA,NA,NA,NA,NA,NA,NA,NA,NA,NA,NA,NA,NA,NA,NA,NA,NA,NA,NA,NA,NA,NA,NA,NA,NA,NA,NA,NA,NA,NA,NA,NA,NA,NA
providencia-nar,Providencia,52565,FALSE,NA,NA,NA,NA,NA,NA,NA,NA,NA,NA,NA,NA,NA,NA,NA,NA,NA,NA,NA,NA,NA,NA,NA,NA,NA,NA,NA,NA,NA,1,1,0,0,0,NA,NA,NA,0,NA,NA,NA,NA,0,0,NA,NA,NA,0,NA,NA,NA,NA,NA,NA,NA,NA,NA,NA,NA,NA,NA,NA,NA,NA,NA,NA,NA,NA,NA,NA,NA,NA,NA,NA,NA,NA,NA,NA,NA,NA,NA,NA,NA,0,NA,NA,NA,0,NA,NA,NA,NA,0,0,NA,NA,NA,0,NA,NA,NA,NA,NA,NA,NA,NA,NA,NA,NA,NA,NA,NA,NA,NA,NA,NA,NA,NA,NA,NA,NA,NA,NA,NA,NA,NA,NA,NA,NA,NA,NA,NA,NA,NA,NA,NA,NA,NA,NA,NA,NA,NA,NA,NA,NA,NA,NA,NA,NA,NA,NA,NA,NA,NA,NA,NA,NA,NA,NA,NA,NA,NA,NA,NA,NA,NA,NA,NA,NA,NA,NA,NA,NA,NA,NA,NA,NA,NA,NA,NA,NA,NA,NA,NA,NA,NA,NA,NA,NA,NA,NA,NA,NA,NA,NA,NA,NA,NA,NA,NA,NA,NA,NA,NA,NA,NA,NA,NA
puerres,Puerres,52573,FALSE,553,553,NA,NA,7,NA,1,6,62,1,NA,60,1,24,3,NA,NA,8,288,NA,NA,NA,1,13,8,263,3,NA,NA,4592,4592,0,0,27,NA,1,26,254,1,NA,252,1,212,5,NA,NA,26,2418,NA,NA,NA,3,160,40,2065,150,NA,NA,7,NA,1,6,62,1,NA,60,1,24,3,8,NA,NA,288,NA,NA,NA,1,13,8,263,3,NA,NA,27,NA,1,26,254,1,NA,252,1,212,5,26,NA,NA,2418,NA,NA,NA,3,160,40,2065,150,NA,NA,NA,NA,NA,NA,NA,NA,NA,NA,NA,NA,NA,NA,NA,NA,NA,NA,NA,NA,NA,NA,NA,NA,NA,NA,NA,NA,NA,NA,NA,NA,NA,NA,NA,NA,NA,NA,NA,NA,NA,NA,NA,NA,NA,NA,NA,NA,NA,NA,NA,NA,NA,NA,NA,NA,NA,NA,NA,NA,NA,NA,NA,NA,NA,NA,NA,NA,NA,NA,NA,NA,NA,NA,NA,NA,NA,NA,NA,NA,NA,NA,NA,NA,NA,NA,NA,NA,NA,NA,NA,NA,NA,NA,NA,NA,NA,NA,NA,NA,NA,NA
pupiales,Pupiales,52585,FALSE,105,105,NA,NA,3,NA,2,1,16,NA,NA,16,NA,2,2,NA,NA,1,65,NA,1,NA,1,1,2,60,NA,NA,NA,184,184,0,0,3,NA,2,1,23,NA,NA,23,NA,2,2,NA,NA,1,98,NA,1,NA,1,2,3,91,NA,NA,NA,3,NA,2,1,16,NA,NA,16,NA,2,2,1,NA,NA,65,NA,1,NA,1,1,2,60,NA,NA,NA,3,NA,2,1,23,NA,NA,23,NA,2,2,1,NA,NA,98,NA,1,NA,1,2,3,91,NA,NA,NA,NA,NA,NA,NA,NA,NA,NA,NA,NA,NA,NA,NA,NA,NA,NA,NA,NA,NA,NA,NA,NA,NA,NA,NA,NA,NA,NA,NA,NA,NA,NA,NA,NA,NA,NA,NA,NA,NA,NA,NA,NA,NA,NA,NA,NA,NA,NA,NA,NA,NA,NA,NA,NA,NA,NA,NA,NA,NA,NA,NA,NA,NA,NA,NA,NA,NA,NA,NA,NA,NA,NA,NA,NA,NA,NA,NA,NA,NA,NA,NA,NA,NA,NA,NA,NA,NA,NA,NA,NA,NA,NA,NA,NA,NA,NA,NA,NA,NA,NA,NA
ricaurte-nar,Ricaurte,52612,FALSE,2603,2603,NA,2,28,1,10,17,141,3,NA,134,4,145,15,NA,NA,34,830,NA,2,1,7,24,28,757,6,NA,NA,385197,385195,0,21,5710,1,919,4790,24113,11,NA,23906,196,12160,42,NA,NA,1002,158386,NA,20,2,781,2634,845,153392,48,NA,NA,28,1,10,17,141,3,NA,134,4,145,15,34,NA,NA,830,NA,2,1,7,24,28,757,6,NA,NA,5710,1,919,4790,24113,11,NA,23906,196,12159,42,1002,NA,NA,158385,NA,20,2,781,2634,845,153391,48,NA,NA,NA,NA,NA,NA,NA,NA,NA,NA,NA,NA,NA,NA,NA,NA,NA,NA,NA,NA,NA,NA,NA,NA,NA,NA,NA,NA,NA,NA,NA,NA,NA,NA,NA,NA,NA,NA,NA,NA,NA,NA,NA,NA,NA,NA,NA,NA,NA,NA,NA,NA,NA,NA,NA,NA,NA,NA,NA,NA,NA,NA,NA,NA,NA,NA,2,NA,NA,NA,NA,NA,NA,2,NA,NA,NA,0,NA,NA,NA,0,NA,NA,NA,NA,0,0,NA,NA,NA,16,NA,NA,NA,NA,NA,NA,16,NA,NA,NA
roberto-payan,Roberto Payán,52621,FALSE,84,84,NA,NA,1,NA,NA,1,12,NA,NA,12,NA,2,NA,NA,NA,1,78,NA,NA,NA,NA,NA,1,76,NA,NA,NA,136,136,0,0,1,NA,NA,1,14,NA,NA,14,NA,2,0,NA,NA,1,121,NA,NA,NA,NA,NA,1,119,NA,NA,NA,1,NA,NA,1,12,NA,NA,12,NA,2,NA,1,NA,NA,78,NA,NA,NA,NA,NA,1,76,NA,NA,NA,1,NA,NA,1,14,NA,NA,14,NA,2,0,1,NA,NA,121,NA,NA,NA,NA,NA,1,119,NA,NA,NA,NA,NA,NA,NA,NA,NA,NA,NA,NA,NA,NA,NA,NA,NA,NA,NA,NA,NA,NA,NA,NA,NA,NA,NA,NA,NA,NA,NA,NA,NA,NA,NA,NA,NA,NA,NA,NA,NA,NA,NA,NA,NA,NA,NA,NA,NA,NA,NA,NA,NA,NA,NA,NA,NA,NA,NA,NA,NA,NA,NA,NA,NA,NA,NA,NA,NA,NA,NA,NA,NA,NA,NA,NA,NA,NA,NA,NA,NA,NA,NA,NA,NA,NA,NA,NA,NA,NA,NA,NA,NA,NA,NA,NA,NA,NA,NA,NA,NA,NA,NA
samaniego,Samaniego,52678,FALSE,122,122,NA,NA,NA,NA,NA,NA,2,NA,NA,2,NA,6,3,NA,NA,1,30,NA,NA,NA,NA,NA,NA,29,1,NA,NA,215,215,0,0,0,NA,NA,NA,3,NA,NA,3,NA,6,3,NA,NA,1,66,NA,NA,NA,NA,NA,NA,48,18,NA,NA,NA,NA,NA,NA,2,NA,NA,2,NA,6,3,1,NA,NA,30,NA,NA,NA,NA,NA,NA,29,1,NA,NA,0,NA,NA,NA,3,NA,NA,3,NA,6,3,1,NA,NA,66,NA,NA,NA,NA,NA,NA,48,18,NA,NA,NA,NA,NA,NA,NA,NA,NA,NA,NA,NA,NA,NA,NA,NA,NA,NA,NA,NA,NA,NA,NA,NA,NA,NA,NA,NA,NA,NA,NA,NA,NA,NA,NA,NA,NA,NA,NA,NA,NA,NA,NA,NA,NA,NA,NA,NA,NA,NA,NA,NA,NA,NA,NA,NA,NA,NA,NA,NA,NA,NA,NA,NA,NA,NA,NA,NA,NA,NA,NA,NA,NA,NA,NA,NA,NA,NA,NA,NA,NA,NA,NA,NA,NA,NA,NA,NA,NA,NA,NA,NA,NA,NA,NA,NA,NA,NA,NA,NA,NA,NA
san-andres-de-tumaco,San Andrés de Tumaco,52835,TRUE,2615,2421,340,92,38,3,13,22,92,5,NA,84,3,54,59,1,NA,94,984,NA,NA,4,8,18,25,914,12,NA,NA,71237,57864,10157,9021,849,18,327,504,3805,52,NA,3472,281,113,740,2,NA,5688,42557,NA,NA,25,32,704,478,41290,19,NA,NA,37,3,13,21,92,5,NA,84,3,54,59,89,1,NA,907,NA,NA,2,8,16,23,844,11,NA,NA,797,18,314,465,3795,52,NA,3462,281,113,713,5482,2,NA,41796,NA,NA,23,32,692,468,40555,17,NA,NA,5,1,NA,4,NA,NA,NA,NA,NA,NA,5,20,NA,NA,105,NA,NA,2,NA,3,2,96,2,NA,NA,52,NA,13,39,0,NA,NA,NA,NA,0,27,170,NA,NA,476,NA,NA,2,NA,12,2,458,2,NA,NA,1,NA,NA,1,1,NA,NA,1,NA,NA,NA,3,NA,NA,53,NA,NA,1,NA,NA,NA,50,2,NA,NA,7,NA,NA,7,17,NA,NA,17,NA,0,0,23,NA,NA,1248,NA,NA,1,NA,NA,NA,1244,3,NA,NA
san-bernardo-nar,San Bernardo,52685,FALSE,112,112,NA,NA,1,NA,NA,1,6,1,NA,5,NA,5,NA,NA,NA,2,26,NA,NA,NA,NA,2,1,23,NA,NA,NA,208,208,0,0,1,NA,NA,1,13,1,NA,12,NA,7,0,NA,NA,8,71,NA,NA,NA,NA,2,2,67,NA,NA,NA,1,NA,NA,1,6,1,NA,5,NA,5,NA,2,NA,NA,26,NA,NA,NA,NA,2,1,23,NA,NA,NA,1,NA,NA,1,13,1,NA,12,NA,7,0,8,NA,NA,71,NA,NA,NA,NA,2,2,67,NA,NA,NA,NA,NA,NA,NA,NA,NA,NA,NA,NA,NA,NA,NA,NA,NA,NA,NA,NA,NA,NA,NA,NA,NA,NA,NA,NA,NA,NA,NA,NA,NA,NA,NA,NA,NA,NA,NA,NA,NA,NA,NA,NA,NA,NA,NA,NA,NA,NA,NA,NA,NA,NA,NA,NA,NA,NA,NA,NA,NA,NA,NA,NA,NA,NA,NA,NA,NA,NA,NA,NA,NA,NA,NA,NA,NA,NA,NA,NA,NA,NA,NA,NA,NA,NA,NA,NA,NA,NA,NA,NA,NA,NA,NA,NA,NA,NA,NA,NA,NA,NA,NA
san-lorenzo,San Lorenzo,52687,FALSE,181,181,NA,NA,1,NA,1,NA,12,NA,NA,12,NA,6,4,NA,NA,4,97,NA,NA,NA,1,1,2,92,1,NA,NA,319,319,0,0,1,NA,1,NA,19,NA,NA,19,NA,6,4,NA,NA,7,161,NA,NA,NA,1,1,2,145,12,NA,NA,1,NA,1,NA,12,NA,NA,12,NA,6,4,4,NA,NA,97,NA,NA,NA,1,1,2,92,1,NA,NA,1,NA,1,NA,19,NA,NA,19,NA,6,4,7,NA,NA,161,NA,NA,NA,1,1,2,145,12,NA,NA,NA,NA,NA,NA,NA,NA,NA,NA,NA,NA,NA,NA,NA,NA,NA,NA,NA,NA,NA,NA,NA,NA,NA,NA,NA,NA,NA,NA,NA,NA,NA,NA,NA,NA,NA,NA,NA,NA,NA,NA,NA,NA,NA,NA,NA,NA,NA,NA,NA,NA,NA,NA,NA,NA,NA,NA,NA,NA,NA,NA,NA,NA,NA,NA,NA,NA,NA,NA,NA,NA,NA,NA,NA,NA,NA,NA,NA,NA,NA,NA,NA,NA,NA,NA,NA,NA,NA,NA,NA,NA,NA,NA,NA,NA,NA,NA,NA,NA,NA,NA
san-pablo-nar,San Pablo,52693,FALSE,118,118,NA,NA,NA,NA,NA,NA,16,NA,NA,16,NA,2,2,NA,NA,6,100,NA,NA,NA,NA,NA,1,98,1,NA,NA,556,556,0,0,0,NA,NA,NA,46,NA,NA,46,NA,2,3,NA,NA,37,491,NA,NA,NA,NA,NA,4,461,26,NA,NA,NA,NA,NA,NA,16,NA,NA,16,NA,2,2,6,NA,NA,100,NA,NA,NA,NA,NA,1,98,1,NA,NA,0,NA,NA,NA,46,NA,NA,46,NA,2,3,37,NA,NA,491,NA,NA,NA,NA,NA,4,461,26,NA,NA,NA,NA,NA,NA,NA,NA,NA,NA,NA,NA,NA,NA,NA,NA,NA,NA,NA,NA,NA,NA,NA,NA,NA,NA,NA,NA,NA,NA,NA,NA,NA,NA,NA,NA,NA,NA,NA,NA,NA,NA,NA,NA,NA,NA,NA,NA,NA,NA,NA,NA,NA,NA,NA,NA,NA,NA,NA,NA,NA,NA,NA,NA,NA,NA,NA,NA,NA,NA,NA,NA,NA,NA,NA,NA,NA,NA,NA,NA,NA,NA,NA,NA,NA,NA,NA,NA,NA,NA,NA,NA,NA,NA,NA,NA,NA,NA,NA,NA,NA,NA
san-pedro-de-cartago,San Pedro de Cartago,52694,FALSE,130,130,NA,NA,NA,NA,NA,NA,9,NA,NA,9,NA,4,4,NA,NA,6,89,NA,NA,NA,1,NA,1,87,NA,NA,NA,1027,1027,0,0,0,NA,NA,NA,43,NA,NA,43,NA,210,27,NA,NA,47,766,NA,NA,NA,43,NA,1,722,NA,NA,NA,NA,NA,NA,NA,9,NA,NA,9,NA,4,4,6,NA,NA,89,NA,NA,NA,1,NA,1,87,NA,NA,NA,0,NA,NA,NA,43,NA,NA,43,NA,210,27,47,NA,NA,766,NA,NA,NA,43,NA,1,722,NA,NA,NA,NA,NA,NA,NA,NA,NA,NA,NA,NA,NA,NA,NA,NA,NA,NA,NA,NA,NA,NA,NA,NA,NA,NA,NA,NA,NA,NA,NA,NA,NA,NA,NA,NA,NA,NA,NA,NA,NA,NA,NA,NA,NA,NA,NA,NA,NA,NA,NA,NA,NA,NA,NA,NA,NA,NA,NA,NA,NA,NA,NA,NA,NA,NA,NA,NA,NA,NA,NA,NA,NA,NA,NA,NA,NA,NA,NA,NA,NA,NA,NA,NA,NA,NA,NA,NA,NA,NA,NA,NA,NA,NA,NA,NA,NA,NA,NA,NA,NA,NA,NA
sandona,Sandoná,52683,FALSE,258,258,NA,NA,2,NA,NA,2,13,NA,NA,12,1,9,5,NA,NA,2,110,NA,NA,NA,1,2,2,104,1,NA,NA,532,532,0,0,2,NA,NA,2,25,NA,NA,23,2,13,6,NA,NA,3,211,NA,NA,NA,2,2,3,189,15,NA,NA,2,NA,NA,2,13,NA,NA,12,1,9,5,2,NA,NA,110,NA,NA,NA,1,2,2,104,1,NA,NA,2,NA,NA,2,25,NA,NA,23,2,13,6,3,NA,NA,211,NA,NA,NA,2,2,3,189,15,NA,NA,NA,NA,NA,NA,NA,NA,NA,NA,NA,NA,NA,NA,NA,NA,NA,NA,NA,NA,NA,NA,NA,NA,NA,NA,NA,NA,NA,NA,NA,NA,NA,NA,NA,NA,NA,NA,NA,NA,NA,NA,NA,NA,NA,NA,NA,NA,NA,NA,NA,NA,NA,NA,NA,NA,NA,NA,NA,NA,NA,NA,NA,NA,NA,NA,NA,NA,NA,NA,NA,NA,NA,NA,NA,NA,NA,NA,NA,NA,NA,NA,NA,NA,NA,NA,NA,NA,NA,NA,NA,NA,NA,NA,NA,NA,NA,NA,NA,NA,NA,NA
santa-barbara-nar,Santa Bárbara,52696,TRUE,131,115,33,4,1,NA,1,NA,12,NA,NA,12,NA,NA,1,NA,NA,28,85,NA,NA,NA,NA,NA,3,82,NA,NA,NA,414,298,98,21,1,NA,1,NA,28,NA,NA,28,NA,0,1,NA,NA,122,281,NA,NA,NA,NA,NA,5,276,NA,NA,NA,NA,NA,NA,NA,12,NA,NA,12,NA,NA,1,24,NA,NA,75,NA,NA,NA,NA,NA,1,74,NA,NA,NA,0,NA,NA,NA,25,NA,NA,25,NA,0,1,65,NA,NA,175,NA,NA,NA,NA,NA,1,174,NA,NA,NA,1,1,NA,NA,NA,NA,NA,NA,NA,NA,NA,16,NA,NA,26,NA,NA,NA,NA,NA,2,24,NA,NA,NA,1,NA,1,NA,0,NA,NA,NA,NA,0,0,50,NA,NA,87,NA,NA,NA,NA,NA,4,83,NA,NA,NA,NA,NA,NA,NA,1,NA,NA,1,NA,NA,NA,1,NA,NA,4,NA,NA,NA,NA,NA,NA,4,NA,NA,NA,0,NA,NA,NA,3,NA,NA,3,NA,0,0,4,NA,NA,20,NA,NA,NA,NA,NA,NA,20,NA,NA,NA
santacruz,Santacruz,52699,FALSE,97,97,NA,NA,2,NA,1,1,4,NA,NA,4,NA,3,1,NA,NA,NA,20,NA,NA,NA,NA,NA,1,19,NA,NA,NA,155,155,0,0,2,NA,1,1,4,NA,NA,4,NA,3,1,NA,NA,NA,32,NA,NA,NA,NA,NA,1,31,NA,NA,NA,2,NA,1,1,4,NA,NA,4,NA,3,1,NA,NA,NA,20,NA,NA,NA,NA,NA,1,19,NA,NA,NA,2,NA,1,1,4,NA,NA,4,NA,3,1,NA,NA,NA,32,NA,NA,NA,NA,NA,1,31,NA,NA,NA,NA,NA,NA,NA,NA,NA,NA,NA,NA,NA,NA,NA,NA,NA,NA,NA,NA,NA,NA,NA,NA,NA,NA,NA,NA,NA,NA,NA,NA,NA,NA,NA,NA,NA,NA,NA,NA,NA,NA,NA,NA,NA,NA,NA,NA,NA,NA,NA,NA,NA,NA,NA,NA,NA,NA,NA,NA,NA,NA,NA,NA,NA,NA,NA,NA,NA,NA,NA,NA,NA,NA,NA,NA,NA,NA,NA,NA,NA,NA,NA,NA,NA,NA,NA,NA,NA,NA,NA,NA,NA,NA,NA,NA,NA,NA,NA,NA,NA,NA,NA
sapuyes,Sapuyes,52720,FALSE,326,326,NA,1,10,3,3,4,32,NA,NA,31,1,11,4,NA,NA,7,142,NA,2,NA,1,1,3,135,NA,NA,NA,882,882,0,2,27,3,6,18,91,NA,NA,90,1,15,8,NA,NA,12,408,NA,2,NA,1,2,10,393,NA,NA,NA,10,3,3,4,32,NA,NA,31,1,11,4,7,NA,NA,142,NA,2,NA,1,1,3,135,NA,NA,NA,27,3,6,18,91,NA,NA,90,1,15,8,12,NA,NA,408,NA,2,NA,1,2,10,393,NA,NA,NA,NA,NA,NA,NA,NA,NA,NA,NA,NA,NA,NA,NA,NA,NA,NA,NA,NA,NA,NA,NA,NA,NA,NA,NA,NA,NA,NA,NA,NA,NA,NA,NA,NA,NA,NA,NA,NA,NA,NA,NA,NA,NA,NA,NA,NA,NA,NA,NA,NA,NA,NA,NA,NA,NA,NA,NA,NA,NA,NA,NA,NA,NA,NA,NA,NA,NA,NA,NA,NA,NA,NA,NA,NA,NA,NA,0,NA,NA,NA,0,NA,NA,NA,NA,0,0,NA,NA,NA,0,NA,NA,NA,NA,NA,NA,NA,NA,NA,NA
taminango,Taminango,52786,FALSE,315,315,NA,NA,1,NA,NA,1,22,2,NA,20,NA,9,12,1,NA,13,162,NA,NA,NA,2,NA,3,155,2,NA,NA,3965,3965,0,0,1,NA,NA,1,97,2,NA,95,NA,16,17,1,NA,50,985,NA,NA,NA,2,NA,12,928,43,NA,NA,1,NA,NA,1,22,2,NA,20,NA,9,12,13,1,NA,162,NA,NA,NA,2,NA,3,155,2,NA,NA,1,NA,NA,1,97,2,NA,95,NA,16,17,50,1,NA,985,NA,NA,NA,2,NA,12,928,43,NA,NA,NA,NA,NA,NA,NA,NA,NA,NA,NA,NA,NA,NA,NA,NA,NA,NA,NA,NA,NA,NA,NA,NA,NA,NA,NA,NA,NA,NA,NA,NA,NA,NA,NA,NA,NA,NA,NA,NA,NA,NA,NA,NA,NA,NA,NA,NA,NA,NA,NA,NA,NA,NA,NA,NA,NA,NA,NA,NA,NA,NA,NA,NA,NA,NA,NA,NA,NA,NA,NA,NA,NA,NA,NA,NA,NA,NA,NA,NA,NA,NA,NA,NA,NA,NA,NA,NA,NA,NA,NA,NA,NA,NA,NA,NA,NA,NA,NA,NA,NA,NA
tangua,Tangua,52788,FALSE,519,519,NA,1,6,NA,2,4,45,NA,NA,45,NA,19,9,NA,NA,14,223,NA,NA,NA,3,2,4,213,1,NA,NA,1786,1786,0,2,14,NA,6,8,100,NA,NA,100,NA,86,12,NA,NA,28,730,NA,NA,NA,7,62,15,618,28,NA,NA,6,NA,2,4,45,NA,NA,45,NA,19,9,14,NA,NA,223,NA,NA,NA,3,2,4,213,1,NA,NA,14,NA,6,8,100,NA,NA,100,NA,86,12,28,NA,NA,730,NA,NA,NA,7,62,15,618,28,NA,NA,NA,NA,NA,NA,NA,NA,NA,NA,NA,NA,NA,NA,NA,NA,NA,NA,NA,NA,NA,NA,NA,NA,NA,NA,NA,NA,NA,NA,NA,NA,NA,NA,NA,NA,NA,NA,NA,NA,NA,NA,NA,NA,NA,NA,NA,NA,NA,NA,NA,NA,NA,NA,NA,NA,NA,NA,NA,NA,NA,NA,NA,1,NA,NA,1,NA,NA,NA,NA,NA,NA,1,NA,NA,NA,0,NA,NA,NA,0,NA,NA,NA,NA,0,0,2,NA,NA,2,NA,NA,NA,NA,NA,NA,2,NA,NA,NA
tuquerres,Túquerres,52838,FALSE,554,554,NA,NA,11,1,3,7,50,NA,NA,49,1,19,8,NA,NA,4,198,NA,2,NA,4,3,6,181,2,NA,NA,3428,3428,0,0,19,3,4,12,256,NA,NA,255,1,55,34,NA,NA,8,1165,NA,17,NA,5,6,29,1098,10,NA,NA,11,1,3,7,50,NA,NA,49,1,19,8,4,NA,NA,198,NA,2,NA,4,3,6,181,2,NA,NA,19,3,4,12,256,NA,NA,255,1,55,34,8,NA,NA,1165,NA,17,NA,5,6,29,1098,10,NA,NA,NA,NA,NA,NA,NA,NA,NA,NA,NA,NA,NA,NA,NA,NA,NA,NA,NA,NA,NA,NA,NA,NA,NA,NA,NA,NA,NA,NA,NA,NA,NA,NA,NA,NA,NA,NA,NA,NA,NA,NA,NA,NA,NA,NA,NA,NA,NA,NA,NA,NA,NA,NA,NA,NA,NA,NA,NA,NA,NA,NA,NA,NA,NA,NA,NA,NA,NA,NA,NA,NA,NA,NA,NA,NA,NA,NA,NA,NA,NA,NA,NA,NA,NA,NA,NA,NA,NA,NA,NA,NA,NA,NA,NA,NA,NA,NA,NA,NA,NA,NA
yacuanquer,Yacuanquer,52885,FALSE,394,394,NA,NA,2,NA,NA,2,43,1,NA,41,1,4,3,NA,NA,19,233,NA,1,NA,NA,NA,4,228,NA,NA,NA,5263,5263,0,0,12,NA,NA,12,744,4,NA,739,1,17,12,NA,NA,240,4319,NA,14,NA,NA,NA,84,4221,NA,NA,NA,2,NA,NA,2,43,1,NA,41,1,4,3,19,NA,NA,233,NA,1,NA,NA,NA,4,228,NA,NA,NA,12,NA,NA,12,744,4,NA,739,1,17,12,240,NA,NA,4319,NA,14,NA,NA,NA,84,4221,NA,NA,NA,NA,NA,NA,NA,NA,NA,NA,NA,NA,NA,NA,NA,NA,NA,NA,NA,NA,NA,NA,NA,NA,NA,NA,NA,NA,NA,NA,NA,NA,NA,NA,NA,NA,NA,NA,NA,NA,NA,NA,NA,NA,NA,NA,NA,NA,NA,NA,NA,NA,NA,NA,NA,NA,NA,NA,NA,NA,NA,NA,NA,NA,NA,NA,NA,NA,NA,NA,NA,NA,NA,NA,NA,NA,NA,NA,NA,NA,NA,NA,NA,NA,NA,NA,NA,NA,NA,NA,NA,NA,NA,NA,NA,NA,NA,NA,NA,NA,NA,NA,NA
